type,name,position,program
BIPP,"PT. Bank Central Asia, Tbk",Application Developer,Computer Science
BIPP,PT. Charoen Pokphand Indonesia Tbk,Mobile Programmer,Informatics
BIPP,PT. Anantarupa Yaesa Suptesu Jagarti (Anantarupa Studios),Game Engineer / Developer,Game Application and Technology
BIPP,"PT. Bank Sinarmas, Tbk",Application Developer,Computer Science
BIPP,PT. Nusantara Compnet Integrator,Computer Network Specialist,Computer Science
BIPP,PT. Dewaweb,Cyber Intelligence Officer,Cyber Security
BIPP,PT. Hartono Istana Teknologi (Polytron),Mobile Programmer,Computer Science
BIPP,Kawan Lama Group,Search Engine Optimization,Computer Science
BIPP,PT. Inovasi Daya Solusi,Data Engineer / Developer,Computer Science
BIPP,PT Airpaz Internasional Indonesia,Mobile Programmer,Computer Science
BIPP,PT. Astra Daihatsu Motor,System Engineer,Computer Science
BIPP,Insyst Media Solutions,Web Developer,Computer Science
BIPP,PT Verihubs Inteligensia Nusantara,Data Scientist,Computer Science
BIPP,PT. Nutrifood Indonesia,Application Developer,Computer Science
BIPP,PT. Asuransi Astra Buana,Application Developer,Computer Science
BIPP,PT. Enseval Putera Megatrading Tbk,Mobile Programmer,Mobile Application and Technology
BIPP,PT. Phincon,Technical Consultant,Computer Science
BIPP,PT. Indomobil Finance Indonesia,Full Stack Developer,Computer Science
BIPP,"PT. Mayora Indah, Tbk (Mayora Group)",Application Developer,Computer Science
BIPP,PT Adicipta Inovasi Teknologi (AdIns),Full Stack Developer,Computer Science
BIPP,PT. Tokopedia,Software Engineer,Computer Science
BIPP,SHINTA VR,Game Designer,Game Application and Technology
BIPP,PT. Indomobil Sukses Internasional,Full Stack Developer,Computer Science
BIPP,Sinergi Wahana Gemilang,Mobile Programmer,Computer Science
BIPP,PT. Sayap Mas Utama (Wings Group),Software Engineer,Mobile Application and Technology
BIPP,PT. Super Giga Generasi (Fotoyu),Mobile Programmer,Computer Science
BIPP,PT. Graha Technosoft Informatika,Application Developer,Computer Science
BIPP,PT. Mitra Pajakku,Application Developer,Computer Science
BIPP,"PT Bank OCBC NISP, Tbk",Web Developer,Computer Science
BIPP,DANA Indonesia,Mobile Programmer,Computer Science
BIPP,PT. Freeport Indonesia,Application Developer,Computer Science
BIPP,FKS Group,Programmer,Computer Science
BIPP,PT. Asuransi Jiwa Generali Indonesia,Application Developer,Computer Science
BIPP,"PT. Bank BTPN., Tbk.,",Data Analyst,Computer Science
BIPP,PT. IDStar Cipta Teknologi,Software Engineer,Computer Science
BIPP,"PT. Tempo Scan Pasific, Tbk.",Web Developer,Computer Science
BIPP,PT. Mandiri Utama Finance,Security Engineer,Cyber Security
BIPP,PT. Pharos Indonesia,Application Developer,Computer Science
BIPP,PT. Toba Cahaya Semesta (Toba Consulting),Technical Consultant,Computer Science
BIPP,PT. Maybank Indonesia Finance,Mobile Programmer,Computer Science
BIPP,PT. Realta Chakradarma,Web Developer,Computer Science
BIPP,Samsung Research Indonesia,Data Engineer,Computer Science
BIPP,PT. Adira Dinamika Multi Finance Tbk,Data Scientist,Computer Science
BIPP,PT Bank Mandiri (Persero) Tbk,Technical Consultant,Computer Science
BIPP,PT. Datacomm Diangraha,Penetration Tester,Cyber Security
BIPP,PT. Astra Graphia Information Technology (AGIT),Programmer,Computer Science
BIPP,PT. Agate International,Game Engineer / Developer,Computer Science
BIPP,NTT Indonesia Technology,Technical Consultant,Computer Science
BIPP,PT. Bank Rakyat Indonesia (Persero) Tbk,Management Dev. Program (PMMB),Computer Science
BIPP,PT. Bounche Indonesia,Full Stack Developer,Informatics
BIPP,Bank Negara Indonesia (BNI),Management Dev. Program (PMMB),Computer Science
BIPP,"PT. Bank Maybank Indonesia, Tbk",Programmer,Computer Science
BIPP,PT. Bank UOB Indonesia,QC Tester,Computer Science
BIPP,"PT. Kalbe Farma, Tbk",Mobile Programmer,Computer Science
BIPP,"PT. Telekomunikasi Indonesia, Tbk (Direktorat Digital Business)",Web Developer,Computer Science
BIPP,PT. Global Digital Niaga (blibli.com),Data Analyst,Informatics
BIPP,PT. Global Tiket Network (Tiket.com),Software Engineer,Computer Science
BIPP,PT. Asuransi Sinarmas,Data Analyst,Computer Science
BIPP,PT. Hartono Istana Teknologi (Polytron-Kudus),Programmer,Computer Science
BIPP,PT Gajah Tunggal Tbk,Web Developer,Computer Science
BIPP,PT. Anabatic Digital Raya,Programmer,Computer Science
BIPP,PT. Accelist Lentera Indonesia,Full Stack Developer,Computer Science
BIPP,PT. Sumber Trijaya Lestari (Alfadigital),Programmer,Computer Science
BIPP,Kompas Gramedia,Back End Developer,Computer Science
BIPP,KEB Hana Bank,Full Stack Developer,Computer Science
BIPP,Lembaga Pembiayaan Ekspor Indonesia/ Indonesia Eximbank,Programmer,Informatics
BIPP,PT. Triple One Global,Back End Developer,Computer Science & Statistics
BIPP,PT. Metrodata Electronics Tbk,Programmer,Computer Science & Statistics
BIPP,PT. SOHO Global Health,Data Engineer,Computer Science
BIPP,OmniVR,Web Developer,Computer Science
BIPP,"PT. Telekomunikasi Indonesia, Tbk",Application Developer,Computer Science
BIPP,PT. Media Andalan Nusa (Andalworks),Web Developer,Computer Science
BIPP,PT Derma Global Ventura,Data Analyst,Computer Science & Statistics
BIPP,PT. Tri Adi Bersama (Anteraja),Data Engineer,Computer Science & Statistics
BIPP,PT Aneka Tambang Tbk,Management Dev. Program (PMMB),Cyber Security
BIPP,"PT. Bank Mayapada International, Tbk",Programmer,Computer Science
BIPP,PT. Beon Intermedia (Jagoan Hosting),Programmer,Computer Science
BIPP,PT. Indomarco Prismatama (Indomaret Group),Programmer,Computer Science
BIPP,PT. Seino Indomobil Logistics,Programmer,Computer Science
BIPP,PT. LION SUPER INDO,IT Architect,Computer Science
BIPP,PT. Arya Noble,Full Stack Developer,Computer Science
BIPP,"PT. HM Sampoerna, Tbk",IS Security Consultant,Cyber Security
BIPP,PT. Mandiri Sekuritas,Data Analyst,Computer Science
BIPP,PT. Cyberindo Aditama (CBN),Web Developer,Computer Science
BIPP,PT Surya Citra Media Tbk,Network Administrator,Computer Science
BIPP,PT Kurnia Ciptamoda Gemilang,Programmer,Computer Science
BIPP,KPMG Indonesia,Data Analyst,Computer Science
BIPP,MicroAd Indonesia ,Back End Developer,Computer Science
BIPP,PT Mitra Adiperkasa Tbk.,Web Developer,Computer Science
BIPP,PT. Mastersystem Infotama,Full Stack Developer,Computer Science
BIPP,PT. Sangnila Interaktif Media dan Teknologi,Game Engineer / Developer,Informatics
BIPP,PT Meratus Line,Mobile Programming (Android) Dev.,Computer Science
BIPP,AITINDO,Web Developer,Computer Science
BIPP,PT. Bina Karya Prima,System Engineer,Computer Science
BIPP,GRAB Indonesia,Software Engineer,Computer Science
BIPP,PT Sasa Inti,Programmer,Computer Science
BIPP,PT. Indonesia Global Solusindo,Application Developer,Computer Science
BIPP,PT Bank Digital BCA,Application Developer,Game Application and Technology
BIPP,Zeals Asia,Front End Developer,Computer Science & Statistics
BIPP,Computrade Technology International (CTI Group),Data Engineer / Developer,Computer Science
BIPP,PT. BCA Finance,Web Developer,Computer Science
BIPP,PT. Indosat Tbk,Data Scientist,Computer Science & Statistics
BIPP,PT. VIDIO DOT COM,Business Analyst,Computer Science
BIPP,PT Media Televisi Indonesia,Front End Developer,Computer Science
BIPP,PT. Transcosmos Indonesia,Full Stack Developer,Informatics
BIPP,PT Inphosoft Indonesia,Full Stack Developer,Computer Science
BIPP,WIR Group,Back End Developer,Computer Science
BIPP,PT. SQIVA Sistem,Software Engineer,Computer Science
BIPP,PT. Anugerah Pharmindo Lestari (APL),Project Management,Cyber Security
BIPP,Sinarmas Land,UI/UX Designer,Game Application and Technology
BIPP,Jawa Timur Park Group,Web Developer,Computer Science
BIPP,Asia Pulp & Paper Sinar Mas,IT Support,Computer Science
BIPP,"PT. Wahana Ottomitra Multiartha, Tbk  (WOM Finance)",Full Stack Developer,Cyber Security
BIPP,Orang Tua Group,Web Developer,Computer Science
BIPP,PT Victoria Care Indonesia,QA and Tester Engineer,Mobile Application and Technology
BIPP,PT. Summarecon Agung Tbk,Programmer,Computer Science
BIPP,PT. Ernst & Young Indonesia,Data Analyst,Computer Science & Statistics
BIPP,PT United Tractors Pandu Engineering,Data Analyst,Computer Science & Statistics
BIPP,PT PricewaterhouseCoopers Consulting Indonesia (PWC),Application Developer,Computer Science
BIPP,PT ABHIMATA PERSADA,Technical Consultant,Computer Science
BIPP,PT. Astra International Tbk.,Data Analyst,Computer Science & Statistics
BIPP,Accenture,Software Engineer,Computer Science
BIPP,PT. Intikom Berlian Mustika,IT Developer,Informatics
BIPP,Triputra Group,Business Analyst,Computer Science
BIPP,PT Trans Retail Indonesia,Secure Software Developer,Cyber Security
BIPP,PT. Sinar Sosro,Data Analyst,Computer Science & Statistics
BIPP,"PT. Bank CIMB Niaga, Tbk",IT Developer,Computer Science
Partner,Bina Nusantara University - School of Computer Science,Digital Transformation (DT),Game Application and Technology
Partner,Esri Indonesia,IT Architect,Computer Science
Partner,GDP Labs (PT. Sumber Cipta Multiniaga),Information Security Administrator,Cyber Security
Partner,Omni App Solutions Pte Ltd,Application Developer,Computer Science
Partner,Jacquelle Group,Data Analyst,Computer Science
Partner,PT. Inspiro,Application Developer,Computer Science
Partner,PT. WhiteOpen Teknologi,Technical Writer,Computer Science
Partner,BCA Multi Finance,Application Developer,Computer Science
Partner,PT Astra International Tbk ï¿½ AstraWorld,System Engineer,Computer Science
Partner,PT Qlob Internasional Grup,Full Stack Developer,Computer Science
Partner,PT Sanghiang Perkasa (Kalbe Nutritionals),IT Architect,Computer Science
Partner,PT. Uniair Indotama Cargo,Application Developer,Computer Science
Partner,PT Centre Point International,Web Developer,Computer Science
Partner,AWS Educate,Application Developer,Computer Science
Partner,PT. Dompet Harapan Bangsa (OY! INDONESIA),Software Engineer,Computer Science
Partner,PT. Sangfor Technologies Indonesia,Security Engineer,Cyber Security
Partner,Republic Polytechnic,Game Designer,Game Application and Technology
Partner,BINA NUSANTARA GROUP,Data Scientist,Computer Science
Partner,Bina Nusantara Group - IT Division,Programmer,Computer Science
Partner,Bina Nusantara Univ - Game App & Tech,Game Engineer / Developer,Game Application and Technology
Partner,PT Temas Tbk,Application Developer,Computer Science
Partner,PT. Qpro Sukses Mandiri,Programmer,Computer Science
Partner,PT Citra Nusa Insan Cemerlang,Web Developer,Computer Science
Partner,PT Evotech Distribusi,Business Intelligence Analyst,Computer Science
Partner,PT Star Cosmos,Programmer,Computer Science
Partner,PT. Inovasi Sukses Sentosa (Indotrading.com),Software Engineer,Computer Science
Partner,Moka,Software Engineer,Computer Science
Partner,PT. Go Online Destinations (Pegipegi),Software Engineer,Computer Science
Partner,PT. Inti Kreatif Informatika,Software Engineer,Informatics
Partner,PT. Kamoro Maxima Integra,Full Stack Developer,Computer Science
Partner,PT. Jakmall Digital Niaga (Jakmall.com),System Engineer,Computer Science
Partner,PT. Kurio,Data Scientist,Computer Science
Partner,PT. Pentacom Talenta Asia,Technical Consultant,Computer Science
Partner,PT Medifa Infoyasa Suryantara,Mobile Programming (Android) Dev.,Mobile Application and Technology
Partner,Buatwebsite.com,Software Engineer,Computer Science
Partner,Google Bangkit Program,Machine Learning Dev.,Game Application and Technology
Partner,PT Berlian Sistem Informasi,Data Analyst,Computer Science
Partner,Bina Nusantara University - Lab Computing,Application Developer,Computer Science
Partner,PT. Suitmedia Kreasi Indonesia,Full Stack Developer,Computer Science
Partner,"MacroAd x Codify [ Pulau-Pulau Media, PT. ]",Programmer,Computer Science
Partner,PT Jasa Marga (Persero) Tbk,Management Dev. Program (PMMB),Computer Science
Partner,Protergo Siber Sekuriti,System Engineer,Computer Science
Partner,PT Bareksa Portal Investasi,Full Stack Developer,Mobile Application and Technology
Partner,PT Hactivate Teknologi Indonesia (Hactive8),Mobile Programmer,Computer Science
Partner,PT. Toho Technology Indonesia,Software Engineer,Computer Science
Partner,PT Immobi Solusi Prima,Programmer,Computer Science
Partner,PT Tera Multi Wahana,Programmer,Computer Science
Partner,PT. Garena Indonesia,Web Developer,Computer Science
Partner,PT. Kualitas Tekhnologi Asia,Programmer,Computer Science
Partner,PT Bank Hibank Indonesia,Programmer,Computer Science
Partner,PT Kita Teknologi Andalan (Keyta),Mobile Programmer,Computer Science
Partner,PT Megatama Inti Solusi,Application Developer,Computer Science
Partner,PT Altech Omega Andalan,Application Developer,Computer Science
Partner,PT. Jari Solusi International,QC Tester,Computer Science
Partner,Course-Net Indonesia,Quality Assurance,Computer Science
Partner,PT. Mega Akses Persada (FiberStar),Application Developer,Computer Science
Partner,PT. Nalagenetik Riset Indonesia (Nalagenetics),Software Engineer,Computer Science
Partner,PT. SEMISOFT Entertainment Studios,Programmer,Computer Science
Partner,PT Merkle Inovasi Teknologi,Data Engineer / Developer,Computer Science
Partner,PT Amartha Mikro Fintek,Software Engineer,Computer Science
Partner,PT Global Innovation Technology,Technical Consultant,Computer Science
Partner,PT. ITSEC ASIA,Penetration Tester,Cyber Security
Partner,Perum Damri,Management Dev. Program (PMMB),Game Application and Technology
Partner,PT Mangala Kreasi Indonesia (Coralis Studio),Web Developer,Computer Science
Partner,PT Perhutani,Management Dev. Program (PMMB),Computer Science
Partner,PT Sembilan Puluh Enam Derajat,Data Engineer / Developer,Informatics
Partner,PT Duta Pratama Teknologi,Computer Network Specialist,Computer Science
Partner,PT. Optima Data Internasional,Technical Consultant,Computer Science
Partner,PT. Tiga Daya Digital Indonesia (a member of Triputra Group),Full Stack Developer,Computer Science
Partner,PT. Puninar Logistics,Web Developer,Computer Science
Partner,PT Hashmicro Solusi Indonesia,Business Analyst,Computer Science
Partner,PT Kreigan Sentral Teknologi (FLICK),Software Engineer,Computer Science
Partner,PT Balgany Surya Indonesia,Full Stack Developer,Computer Science
Partner,Bank Indonesia (BI),Data Engineer,Computer Science
Partner,PT mHealhtBank Rising Care,QC Tester,Computer Science
Partner,PT. Bahaso Intermedia Cakrawala,Application Developer,Computer Science
Partner,PT. Mode Teknologi Indonesia (Style Theory),Software Engineer,Computer Science
Partner,PT. BNI Life Insurance,QC Tester,Computer Science
Partner,APTIKA KOMINFO,Application Developer,Informatics
Partner,PT. Hexaon Business Mitrasindo,Web Developer,Computer Science
Partner,PT Periksa Solusi Indonesia,Penetration Tester,Cyber Security
Partner,Dicoding Indonesia,Business Intelligence Analyst,Computer Science
Partner,PT Astra Otoparts Tbk Divisi Winteq,Programmer,Computer Science
Partner,Starlab Indonesia,Programmer,Computer Science
Partner,PT Indofarma (Persero) Tbk,Management Dev. Program (PMMB),Computer Science
Partner,PT Admin Pintar Kita,Software Engineer,Computer Science
Partner,PT Mixtra Inti Tekindo,Web Developer,Computer Science
Partner,PT Sisindokom Lintasbuana,Computer Network Specialist,Computer Science
Partner,"PT. Bank MNC Internasional, Tbk",Application Developer,Computer Science
Partner,PT Kimia Farma Tbk,Management Dev. Program (PMMB),Computer Science
Partner,PT. Media Indonusa (Faspay),Full Stack Developer,Computer Science
Partner,PT Acset Indonusa Tbk.,Application Developer,Computer Science
Partner,Bina Nusantara University - Computer Science Study Program (Malang),Programmer,Computer Science
Partner,PT. Sofco Graha,UI/UX Designer,Computer Science
Partner,GudangAda,Mobile Programmer,Computer Science
Partner,KodeKiddo,Mobile Programmer,Computer Science
Partner,PT Dihardja Software Solutions,Mobile Programmer,Computer Science
Partner,PT Lingkar Niaga Solusindo (SIRCLO),Software Engineer,Computer Science
Partner,PT Multitech Infomedia,Application Developer,Game Application and Technology
Partner,PT Anugerah Indonesia Lima,Web Developer,Computer Science
Partner,Pemerintah Kota Tangerang (Tangerang Smart City),Application Developer,Game Application and Technology
Partner,PT PrimeSkills Edukasi Indonesia,Game Engineer / Developer,Game Application and Technology
Partner,PT Square Gate One (ESPAY.ID),Mobile Programmer,Computer Science
Partner,PT. Indobest Artha Kreasi,Software Engineer,Computer Science
Partner,PT Inertia Utama (Dexa Group),Full Stack Developer,Computer Science
Partner,Bina Nusantara University - Lecturer Services Center,Software Engineer,Computer Science
Partner,PT Joinan Kapital Indonesia,Programmer,Computer Science
Partner,DistincTions Asia Pte Ltd,Search Engine Optimization,Computer Science
Partner,Ray White Indonesia,Quality Assurance,Computer Science
Partner,Riverstone Training PTE LTD,Web Developer,Computer Science
Partner,PT Global Loyalty Indonesia,Quality Assurance,Computer Science
Partner,FXMedia Internet Pte Ltd,Front End Developer,Computer Science
Partner,PT Yodya Karya (Persero),Management Dev. Program (PMMB),Computer Science & Statistics
Partner,PT Intersoft Solutions,Back End Developer,Computer Science
Partner,PT. Global Intra Talenta (Glints),Software Engineer,Computer Science
Partner,Global Employability & Entrepreneurship,Programmer,Cyber Security
Partner,Dana Pensiun Astra,Programmer,Computer Science
Partner,PT Porto Indonesia Sejahtera,Full Stack Developer,Computer Science
Partner,Little Bookworm ,Web Developer,Computer Science
Partner,Damai Indah Golf - PIK Course,Programmer,Computer Science
Partner,PT ASDP Indonesia Ferry (Persero),Management Dev. Program (PMMB),Computer Science
Partner,PT Media Antar Nusa (Nusanet),Web Designer,Computer Science
Partner,PT. Nawa Data Solutions,Programmer,Computer Science
Partner,PT. Solusi Teknologi Sejati,Mobile Programmer,Mobile Application and Technology
Partner,PT Synapsis Sinergi Digital,Software Engineer,Computer Science
Partner,PT Bintang Toedjoe,Web Developer,Computer Science
Partner,PT. Edsen Gudang Komputerindo,Programmer,Computer Science
Partner,PT Mega Central Finance,Web Developer,Computer Science
Partner,"Yayasan Iman, Pengharapan dan Kasih",Programmer,Computer Science
Partner,Corporate IT&IS Kompas Gramedia (MyValue),Data Analyst,Computer Science & Mathematics
Partner,PT Barito Integra Teknologi,Software Engineer,Computer Science
Partner,PT IQ Edukasi,Engineering Specialist,Computer Science
Partner,PT PASTI LABA SOLUSI TEKNOLOGI,Full Stack Developer,Computer Science & Statistics
Partner,PT Malline Teknologi Internasional,Mobile Programmer,Computer Science
Partner,PT EMS Paramitra,Programmer,Computer Science
Partner,"PT Bank Neo Commerce, TBK",QA and Tester Engineer,Mobile Application and Technology
Partner,"PT Radana Bhaskara Finance, Tbk",Data Engineer / Developer,Computer Science & Mathematics
Partner,PT. Dankos Farma,Gamification/ Serious Game Developer,Game Application and Technology
Partner,PT Tunas Sawa Erma,Mobile Programmer,Computer Science
Partner,Astra Credit Companies,Data Analyst,Computer Science & Statistics
Partner,PT.Nova Teknologi Awani,Software Engineer,Computer Science
Partner,PT Pyridam Farma Tbk.,Programmer,Computer Science
Partner,PT. Bank Commonwealth,IT Architect,Computer Science
Partner,PT. Master Solusi Internasional (MHomecare),Mobile Programmer,Computer Science
Partner,PT. MUTIARA GARUDA DIGITAL (PEARLPAY INDONESIA),Software Engineer,Computer Science
Partner,PT. Smartfren Telecom Tbk.,Data Engineer,Computer Science & Statistics
Partner,PT Tibeka Logistik Indonesia,Data Engineer,Computer Science & Mathematics
Partner,PT Tujju Bio Indonesia,Back End Developer,Computer Science & Mathematics
Partner,PT. Gudang Anak Bangsa,Front End Developer,Computer Science & Mathematics
Partner,PT. ICEHOUSE,Back End Developer,Cyber Security
Partner,PT. Pelayaran Kartika Samudra Adijaya,Application Developer,Computer Science
Partner,PT INDORENTAL,Web Developer,Computer Science
Partner,PT Svara Inovasi Indonesia,Full Stack Developer,Cyber Security
Partner,PT Brainworx Solusi Integrasi,Data Engineer,Computer Science
Partner,PT Sarana Solusindo Informatika,Application Developer,Computer Science
Partner,Qiwii,Front End Developer,Computer Science
Partner,PT Multi Wahana Kencana (Mr. Kitchen),Mobile Programmer,Informatics
Partner,PT Nan Darma Kanigara,Full Stack Developer,Computer Science
Partner,Koperasi Jasa Tri Capital Investama (TC Invest),Back End Developer,Computer Science
Partner,PT MEA Digital Marketing,Front End Developer,Computer Science
Partner,PT Medion Farma Jaya,Web Developer,Informatics
Partner,PT Pertamina (Persero),Management Dev. Program (PMMB),Informatics
Partner,PT Inovasi Telematika Nusantara,Programmer,Computer Science
Partner,Diklatkerja,IT Support,Computer Science
Partner,PT. Andal Software Sejahtera ,Data Engineer / Developer,Computer Science
Partner,PT Frisidea Tech Indonesia,Programmer,Computer Science
Partner,PT. Investo Medika Asia,Machine Learning Dev.,Computer Science
Partner,Onero Solutions (PT. Satu Resolusi Optima),Programmer,Computer Science
Partner,Traveloka Indonesia,Cloud Computing Dev.,Cyber Security
Partner,PT. Bhumi Varta Technology,Programmer,Computer Science
Partner,PT. Garuda Maintenance Facilty AeroAsia Tbk,Programmer,Computer Science
Partner,PT. TRIMITRA TRANS PERSADA (B-LOG),Programmer,Computer Science
Partner,PT. NAP Info Lintas Nusa,Network Engineer,Cyber Security
Partner,PT. DIGIKIDZ INDONESIA,Web Developer,Computer Science
Partner,PT Berkah Tani Sejahtera,Back End Developer,Computer Science
Partner,PT Lakuuu Teknologi Digital,Full Stack Developer,Computer Science & Statistics
Partner,PT. Lippo Malls indonesia,Application Developer,Computer Science
Partner,PT. PADASUKA JAYA ABADI,Database Administrator,Computer Science
Partner,Bina Nusantara University - Information System Laboratory,Programmer,Computer Science
Partner,Bina Nusantara University - School of Design,Initiative Independen Project,Computer Science
Partner,Bina Nusantara University - Lab Game Application & Technology,Game Engineer / Developer,Game Application and Technology
Partner,PT Populix Informasi Teknologi,Back End Developer,Computer Science
Partner,PT. Chorus Digital Indonesia,Application Developer,Computer Science
Partner,PT. Enkripsi Teknologi Handal,Development and Operations (DevOps) Engineer,Computer Science
Partner,Koru Partners Pte Ltd,Full Stack Developer,Computer Science
Partner,PT. Boon Software,Web Developer,Computer Science
Partner,PT. Matica Inovasi Edukasi,Back End Developer,Computer Science
Partner,PT. Password Solusi Sistem,Data Scientist,Computer Science
Partner,PT. Sterling Tulus Cemerlang,Programmer,Computer Science
Partner,Bina Nusantara University - School of Computer Science (Malang),Application Developer,Computer Science
Partner,Travello,Web Developer,Computer Science
Partner,PT. Trimitra Sistem Solusindo,Technical Consultant,Computer Science
Partner,PT ROKET TEKNOLOGI INDONESIA,Data Analyst,Computer Science
Partner,AgriAku,Front End Developer,Computer Science
Partner,PT LYRID PRIMA INDONESIA,Back End Developer,Computer Science
Partner,Bina Nusantara University - School of Information Systems,Initiative Independen Project,Informatics
Partner,PT Mostrans Global Digilog,Full Stack Developer,Computer Science & Mathematics
Partner,"PT Dharma Satya Nusantara, Tbk",Programmer,Computer Science
Partner,PT Kalibrr Technology Access,Development and Operations (DevOps) Engineer,Cyber Security
Partner,PT Leholeh Rasa Nusantara Jaya,Back End Developer,Computer Science
Partner,PT Sayur Untuk Semua (Segari.id),Software Engineer,Computer Science
Partner,PT TIE UPS International,Web Developer,Computer Science
Partner,PT. Global Mulya Jaya,Programmer,Cyber Security
Partner,PT Capital Net Indonesia,Back End Developer,Computer Science
Partner,PT Digimaster Inovasi Cemerlang,Mobile Programmer,Mobile Application and Technology
Partner,PT Edigy Djaya Global,Gamification/ Serious Game Developer,Game Application and Technology
Partner,PT. DIGERATI ATOMIC INDONESIA,Web Developer,Computer Science
Partner,PT Schenker Petrolog Utama,Digital Transformation (DT),Computer Science
Partner,PT CHAKRA GIRI ENERGI INDONESIA,Back End Developer,Computer Science
Partner,PT Datasaur Software Indonesia,Back End Developer,Cyber Security
Partner,PT Iforte Payment Infrastructure (iFortepay),Software Engineer,Computer Science
Partner,PT SUPER SPRING,Mobile Programmer,Computer Science
Partner,PT Xylo Solusi Indonesia,Full Stack Developer,Computer Science
Partner,PT Bisnis Integrasi Global,Web Developer,Computer Science
Partner,PT. Finaccel Teknologi Indonesia,Back End Developer,Computer Science
Partner,PT Dire Teknologi Bersama,Back End Developer,Cyber Security
Partner,PT Kognitif Skema Indonesia,Application Developer,Computer Science
Partner,PT Mid Solusi Nusantara (Mekari),Software Engineer,Computer Science
Partner,PT ELITE PRIMA UTAMA,Programmer,Cyber Security
Partner,PT ORBIT TEKNOLOGI EDUKASI (ORBIT EDUTECH),Back End Developer,Computer Science
Partner,Tech Titan,Security and Networking,Computer Science
Partner,PT LITEDEX DIGITAL INDONESIA,Full Stack Developer,Computer Science
Partner,PT Pirngadi Teberau Karya,Web Designer,Computer Science
Partner,PT. Panji Edukasi Nusantara (Apple Developer Academy @BINUS),"Apple Academy Program (Dedicated for APPLE Inc.,)",Computer Science
Partner,PT Alba Digital Teknologi,Mobile Programmer,Computer Science
Partner,PT Tangara Mitrakom,IoT Developer,Computer Science
Partner,Bina Nusantara University - School of Computer Science (Bandung),Application Developer,Computer Science
Partner,PT Hexpharm Jaya Laboratories (A Kalbe Company),Game Engineer / Developer,Game Application and Technology
Partner,Pura Group,Programmer,Computer Science
Partner,Lumina,Software Engineer,Informatics
Partner,Forest Interactive Indonesia (PT Forest Indo Niaga),Software Engineer,Computer Science
Partner,PT. IMAJIKU Cipta Media,Application Developer,Computer Science
Partner,PT Affinity Health Indonesia,Application Developer,Computer Science
Partner,GameChanger Studio,Game Engineer / Developer,Computer Science
Partner,PT Unimaksima Lentera Nusantara,Programmer,Informatics
Partner,PT Pretzelindo Sukses Pratama,Programmer,Computer Science & Mathematics
Partner,PT Indonesia Indicator,Programmer,Computer Science
Partner,Mulia Industry Group,Data Engineer / Developer,Computer Science
Partner, PT.Panin Dai-ichi Life,Application Developer,Computer Science
Partner,BPK PENABUR Jakarta,Full Stack Developer,Computer Science & Mathematics
Partner,PT Hewania Solusi Digital,Software Engineer,Computer Science
Partner,PT Samudera Indonesia Ship Management,Programmer,Computer Science & Statistics
Partner,Agung Sedayu Group,Application Developer,Computer Science & Mathematics
Partner,PT. INTERSKALA MANDIRI INDONESIA,Programmer,Computer Science & Mathematics
Partner,"PT. Erajaya Swasembada, Tbk.",Quality Assurance,Computer Science
Partner,PT Kebaikan Anak Indonesia (Kiddo.id),Back End Developer,Cyber Security
Partner,PT Emos Global Digital,Back End Developer,Computer Science
Partner,PT Mindtera Cita Inovasi,Mobile Programmer,Computer Science
Partner,PT ITOMMEY BINTANG INDONESIA,Back End Developer,Computer Science
Partner,PT TEMU SEJAHTERA VISI UTAMA,Full Stack Developer,Informatics
Partner,PT TUMBUH BERSAMA NANO (NANOVEST),Back End Developer,Computer Science
Partner,PT Fintech Bina Bangsa (Edufund),Back End Developer,Computer Science
Partner,PT Bina Investama Infonet,Software Engineer,Computer Science
Partner,PT Prima Layanan Niaga Suku Cadang,Application Developer,Cyber Security
Partner,PT. Wahana Kerja Indonesia ,Full Stack Developer,Cyber Security
Partner,PT Alpha Citra Siber Indonesia,Penetration Tester,Cyber Security
Partner,PT InfraCom Technology,System Engineer,Cyber Security
Partner,PT FKS Food Sejahtera Tbk,Web Developer,Computer Science
Partner,PT. Prakasa Triputra Solusi,Software Engineer,Computer Science
Partner,PT. Asuransi Jiwa Sequis Life,QC Tester,Computer Science
Partner,PT Akseleran Keuangan Inklusif Indonesia,Back End Developer,Computer Science
Partner,PT Data Impian Bangsa,Mobile Programming (Android) Dev.,Computer Science
Partner,PT Digital Nusantara Sinergi,IT Support,Computer Science
Partner,PT SIMIAN SOLUTIONS,Data Engineer,Computer Science
Partner,PT Sistema Datapilar,Data Engineer,Computer Science
Partner,PT. Alam Tehnik Semesta,Application Developer,Computer Science
Partner,PT. Niramas Utama (INACO),Full Stack Developer,Computer Science
Partner,PT Roketin Kreatif Teknologi,Mobile Programmer,Computer Science
Partner,PT NUSANTARA GLOBAL INOVASI,Back End Developer,Cyber Security
Partner,PT Rect Media Komputindo,Back End Developer,Computer Science
Partner,PT Terra Drone Indonesia,Front End Developer,Computer Science
Partner,Bina Nusantara University - Computer Science Program FoCM,Initiative Independen Project,Computer Science
Partner,PT Asuransi Raksa Pratikara,Programmer,Computer Science
Partner,PT Denso Indonesia,Programmer,Computer Science
Partner,Yummy Corp,Web Developer,Computer Science
Partner,PT. LAPI Laboratories,Application Developer,Computer Science
Partner,"PT. BFI FINANCE INDONESIA, Tbk",Back End Developer,Computer Science & Mathematics
Partner,PT Pemuda Cari Cuan (Mangkokku),Data Analyst,Computer Science & Statistics
Partner,The Software Practice Pte. Ltd.,Software Engineer,Computer Science
Partner,PT. DUA PULUH TIGA,IT Support,Computer Science
Partner,PT. Defasindo Kreasi Prima,Application Developer,Computer Science
Partner,PT. GUUD Logistics Indonesia,Full Stack Developer,Computer Science
Partner,PT Global Urban Esensial,Back End Developer,Computer Science
Partner,ITEL Learning Systems (S) Pte Ltd,Programmer,Computer Science
Partner,PT. Infolog Solutions Indonesia,Full Stack Developer,Computer Science
Partner,PT Saka Farma Laboratories (Kalbe Consumer Health),Application Developer,Computer Science
Partner,MasterCool (PT. McQuay Tritunggal Pratama),Back End Developer,Computer Science
Partner,PT. Saint Technologies Indonesia,IT Support,Computer Science
Partner,ARCADESINDO GAMES,Game Designer,Game Application and Technology
Partner,PT Questeon kreasi kreatif,Programmer,Computer Science
Partner,PT. Jasa Teknologi Informasi IBM,Systems Analyst,Cyber Security
Partner,PT Boss Hire Indonesia,Back End Developer,Computer Science
Partner,CIPUTRA GROUP,Back End Developer,Computer Science
Partner,TRISULA CORPORATION,Web Designer,Computer Science
Partner,PT CARBAY SERVICES INDONESIA,Business Analyst,Computer Science
Partner,PT Huasan Teknologi Indonesia (H3C),Network Engineer,Cyber Security
Partner,PT. DIGITAL SARANA LEGOAS,Programmer,Computer Science
Partner,"PT Lautan Luas, Tbk",Mobile Programming (Android) Dev.,Mobile Application and Technology
Partner,Bina Nusantara University Group - Bina Nusantara Creates (Sokrates),IT Support,Computer Science
Partner,PT. Talian Infodinamika,Front End Developer,Computer Science
Partner,Bina Nusantara University - Business Information System Program FOCM,Initiative Independen Project,Computer Science
Partner,PT Gravel Teknologi Indonesia,Web Developer,Informatics
Partner,PT. CULTURO KREATIF SINERGI,Web Developer,Computer Science
Partner,Idemia Labs Indonesia,IT Support,Computer Science
Partner,Halodoc,IT Support,Computer Science
Partner,PT ADTREE DIGITAL INDONESIA,Data Scientist,Computer Science
Partner,PT Synpulse Indonesia Management Consulting,Software Engineer,Computer Science & Mathematics
Partner,PT Bank Multiarta Sentosa,Data Analyst,Cyber Security
Partner,PT. Caterpillar Finance Indonesia,Project Management,Cyber Security
Partner,PT Indonetwork Adi Perkasa,Front End Developer,Computer Science
Partner,PT JAPFA COMFEED INDONESIA Tbk,Back End Developer,Computer Science
Partner,PT. Citra Panji Manunggal,Programmer,Computer Science
Partner,PT. Sumber Energi Pangan,Application Developer,Computer Science
Partner,PT Prodia Widyahusada Tbk,Mobile Programmer,Computer Science
Partner,PT Bumi Amartha Teknologi Mandiri ,Application Developer,Computer Science
Partner,PT CIPTADANA CAPITAL,Software Engineer,Computer Science
Partner,Bussan Auto Finance,Security and Networking,Cyber Security
Partner,BerkatSoft,Web Developer,Computer Science
Partner,PT NIGHTSPADE MULTI KREASI,Web Developer,Informatics
Partner,PT Asuransi Total Bersama,Application Developer,Computer Science
Partner,Stairway Games,Game Engineer / Developer,Game Application and Technology
Partner,PT Karyaputra Suryagemilang (DEOS Group),Mobile Programmer,Computer Science
Partner,United States of America Embassy Jakarta,Web Developer,Computer Science
Partner,Sinarmas World Academy,Software Engineer,Computer Science & Statistics
Partner,PT Pralon,Programmer,Computer Science
Partner,PT. Lievee Ciptatama Indonesia,Full Stack Developer,Computer Science
Partner,PT Satuka Teknologi International,Game Engineer / Developer,Game Application and Technology
Partner,Operion Ecommerce & Software Sdn Bhd,Full Stack Developer,Computer Science
Partner,PT Super Animasi Indonesia,Game Engineer / Developer,Game Application and Technology
Partner,PT Autoplastik Indonesia,Web Developer,Computer Science
Partner,PT Jaring Seni Teknologi,IT Support,Computer Science
Partner,BINUS School of Computer Science Kedaireka - AndaMantau,Application Developer,Computer Science
Partner,Bina Nusantara University - BINUS Business School Undergraduate Program,Initiative Independen Project,Computer Science & Mathematics
Partner,Bina Nusantara University - BINUS ASO School of Engineering,Application Developer,Computer Science
Partner,PT TECHNOVA OPTIMA PRIMA,Technical Consultant,Computer Science
Partner,BINUS x Ferienjob,Initiative Independent Project - Ferienjob,Computer Science
Partner,Bina Nusantara Group - Bioinformatics & Data Science Research Center,Research Analyst,Computer Science & Mathematics
Partner,Bina Nusantara Univeristy X Ferienjob,Initiative Independent Project - Ferienjob,Informatics
Partner,PT. Sibernetik Integra Data,Security Engineer,Cyber Security
Partner,PT Neo Multi Servindo (Impact),Software Engineer,Computer Science & Mathematics
Partner,Rumah Sakit Atma Jaya,Full Stack Developer,Computer Science
Partner,PT Ivatama Teknologi,Full Stack Developer,Computer Science
Partner,PT Ecocare Indo Pasifik,Data Engineer / Developer,Computer Science
Partner,99 Group (99.co | Rumah123.com),Back End Developer,Informatics
Partner,PT. Sari Murni Abadi (Sari Murni Group),Full Stack Developer,Computer Science
Partner,Zero One Group,Application Developer,Computer Science
Partner,PT ASABA Digital Innotech,Application Developer,Computer Science
Partner,PT Surya Semesta Internusa Tbk,Data Analyst,Computer Science
Partner,PT. ABeam Consulting Indonesia,Functional Consultant,Computer Science
Partner,PT. Solusi Sinergi Digital Tbk (Surge),Back End Developer,Informatics
Partner,PT. Indopay Merchant Services,Mobile Programming (Android) Dev.,Computer Science
Partner,"ZKDigimax Pte, Ltd",Programmer,Computer Science
Partner,PT Sarana Usaha Sejahtera Insanpalapa (TelkoMedika),Full Stack Developer,Informatics
Partner,PT. Bringin Inti Teknologi,Front End Developer,Computer Science
Partner,PT Anabatic Technologies Tbk,IT Support,Computer Science
Partner,PT Zegen Solusi Mandiri,Mobile Programmer,Computer Science
Partner,PT Dialogue Garmindo Utama,Application Developer,Computer Science
Partner,PT. Lotus Lestari Raya,Application Developer,Computer Science
Partner,"Bina Nusantara University - Lab Mobile Application & Technology	",Application Developer,Computer Science & Mathematics
Partner,PT. Fairco Agro Mandiri,Software Engineer,Computer Science
Partner,PT. Global Infotech Solution,Data Analyst,Computer Science
Partner,PT. OpenWay Teknologi Indonesia,Full Stack Developer,Computer Science & Statistics
Partner,PT Digital Animasi Asia,UI/UX Designer,Game Application and Technology
Partner,PT Interskala Medika Indonesia,Programmer,Computer Science
Partner,PT softScheck Siber Securindo,IS Security Consultant,Cyber Security
Partner,PT. Ako Media Asia (Salt),Back End Developer,Computer Science
Partner,United Tractors,Data Scientist,Data Science
Partner,PT. INSPIRASI BISNIS NUSANTARA,Full Stack Developer,Computer Science
Partner,"PT. Clipan Finance Indonesia, Tbk",Full Stack Developer,Computer Science
Partner,Protemus Capital,Web Developer,Computer Science
Partner,ABM Group,Data Analyst,Computer Science
Partner,GravaCloud,Cloud Computing Dev.,Computer Science
Partner,PT Golden Donna Pasifik,Software Engineer,Computer Science
Partner,PT INDONESIA FINTOPIA TECHNOLOGY,Back End Developer,Computer Science
Partner,PT. Aktif Digital Indonesia (ScaleOcean),Web Developer,Computer Science
Partner,PT Sumber Graha Sejahtera (Sampoerna Kayoe),Software Engineer,Computer Science
Partner,PT Elang Mahkota Teknologi Tbk,Application Developer,Game Application and Technology
Partner,PT Profesional Telekomunikasi Indonesia (Protelindo),Application Developer,Computer Science
Partner,PT Koding Next Indonesia,Coding Instructor,Informatics
Partner,PT. Brandoville Lemon Sky,Programmer,Informatics
Partner,PT. RJGF International Indonesia,Security Engineer,Cyber Security
Partner,Afterlab Studio,Programmer,Computer Science
Partner,PT. Siaga Abdi Utama,UI/UX Developer,Computer Science
Partner,PT. SMART Tbk,IT Developer,Computer Science
Partner,Yayasan Satya Bhakti (Sekolah Santa Ursula Jakarta),Data Analyst,Computer Science
Partner,PT. Matahari Department Store Tbk.,IT Support,Computer Science
Partner,PT. Indonesia Logam Pratama,Back End Developer,Computer Science
Partner,PT Adicipta Boga Intiprima,Mobile Programmer,Mobile Application and Technology
Partner,Ikadev Studio (PT INTERAKSI KREASI ANTARA),Game Engineer / Developer,Game Application and Technology
Partner,PT Binar Consulting Indonesia,Web Designer,Computer Science
Partner,Future Ready Academy Pte. Ltd.,IoT Developer,Computer Science
Partner,PT TOKO RUMAHAN INDONESIA,UI/UX Developer,Computer Science
Partner,PT YKK AP INDONESIA,Programmer,Computer Science
Partner,PT United Dico Citas,Web Developer,Computer Science
Recommendation,Bina Nusantara University - School of Computer Science [ESRI PROJECT],Program Alternatif Internship Genap 20/21,Cyber Security
Recommendation,Kementerian Keuangan Republik Indonesia,Full Stack Developer,Computer Science
Recommendation,Bappeda Litbang Kota Palembang,Programmer,Computer Science
Recommendation,Media Axis International (PT Centre Point International),Web Developer,Computer Science
Recommendation,PT Integrasi Logistik Cipta Solusi,System Engineer,Computer Science
Recommendation,PT. Integrasi Logistik Cipta Solusi (ILCS),System Engineer,Computer Science
Recommendation,Yayasan Nafiri Discipleship Church,Programmer,Computer Science
Recommendation,Gink Technology,Quality Assurance,Computer Science
Recommendation,EXPRINT,Programmer,Computer Science
Recommendation,PT KADATU MEGAH,Web Developer,Computer Science
Recommendation,PT TEKNOLOGI BERIKAT INDONESIA,Full Stack Developer,Game Application and Technology
Recommendation,PT. ARTHA PUNCAK SEMESTA INDONESIA,Programmer,Computer Science
Recommendation,LinkAja!,System Engineer,Cyber Security
Recommendation,Transfree.id,Full Stack Developer,Computer Science
Recommendation,PT Garudafood Putra Putri Jaya Tbk,Application Developer,Computer Science
Recommendation,PT Pelita Transfer Nusantara (TRANSFREE),Search Engine Optimization,Computer Science
Recommendation,PT Sembilan Karya Bangsa,Programmer,Computer Science
Recommendation,"Nimbly Technologies, Pte. Ltd.",Software Engineer,Computer Science
Recommendation,PT Ekipa Agile Consultancy,Game Content Provider,Game Application and Technology
Recommendation,PT Melon Indonesia,Game Content Provider,Game Application and Technology
Recommendation,PT Myindo Cyber Media,Web Developer,Computer Science
Recommendation,PT Exi Global Aplikasi,Programmer,Computer Science
Recommendation,PT Pelita Transfer Nusantara,Search Engine Optimization,Computer Science
Recommendation,CV KAF BOGARASA,Programmer,Computer Science
Recommendation,PT TEDCO AGRI MAKMUR,Programmer,Computer Science
Recommendation,Kementerian Kesehatan Republik Indonesia,Programmer,Computer Science
Recommendation,Telkom Regional 2 Jakarta,Data Analyst,Computer Science
Recommendation,PT. SEMERU INDONESIA MAJU (GOORITA),Full Stack Developer,Computer Science
Recommendation,PT FANA BAKA TEKNOLOGI (Pabryk),Mobile Programming (Android) Dev.,Computer Science
Recommendation,PT MNC Teknologi Nusantara,Quality Assurance,Computer Science
Recommendation,PT Vitech Asia,Security Engineer,Cyber Security
Recommendation,PT.MNC PORTAL INDONESIA (MPI),UI/UX Designer,Computer Science
Recommendation,PT Awan Integrasi Sandidata ,Web Designer,Computer Science
Recommendation,PT Anomali Lintas Cakrawala,Web Developer,Computer Science
Recommendation,PT Purnama Pasifik Nuswantara,Technical Writer,Computer Science
Recommendation,RED Communication Indonesia,Business Analyst,Computer Science
Recommendation,PT. Adityarama Daya Cipta,Software Engineer,Computer Science
Recommendation,PT Zalmon Lestari Maha Negeri,Web Developer,Computer Science
Recommendation,PT Clodeo Indonesia Jaya,Programmer,Computer Science
Recommendation,PT. Elsicom Engineering,Software Engineer,Computer Science
Recommendation,Menara Games,Programmer,Computer Science
Recommendation,Toko Mas ABC,Web Developer,Computer Science
Recommendation,Aksimaya (PT. Pusat Media Indonesia),Web Developer,Computer Science
Recommendation,PT MEDIA CAHAYA CERAH,Technical Consultant,Computer Science
Recommendation,PT Glopac Indonesia,Web Developer,Computer Science
Recommendation,PT. Bank Tabungan Negara (persero) Tbk. ,Management Dev. Program (PMMB),Computer Science
Recommendation,Bank Syariah Bukopin,Web Developer,Computer Science
Recommendation,PT. Hidup Baru Plasindo,Full Stack Developer,Computer Science
Recommendation,Ozeva Technology,Mobile Programmer,Computer Science
Recommendation,KapanLagi Youniverse,Web Developer,Computer Science
Recommendation,PT. Ina Gata Persada,Web Designer,Computer Science
Recommendation,PT CMLABS INDONESIA DIGITAL,Web Designer,Computer Science
Recommendation,Agra Nirwasita,Application Developer,Computer Science
Recommendation,PT. RetGoo Sentris Informa,Mobile Programming (Android) Dev.,Computer Science
Recommendation,Badan Aksesibilitas Telekomunikasi dan Informasi KOMINFO,Programmer,Computer Science
Recommendation,EDDIE KUSUMA & Associates,Web Designer,Computer Science
Recommendation,PT MNC SKY Vision QQ MNC CHANNELS,Game Engineer / Developer,Game Application and Technology
Recommendation,Pemerintah Daerah Kabupaten Tangerang,Web Developer,Computer Science
Recommendation,PT. Tricada Intronik,IoT Developer,Computer Science
Recommendation,"Dinas Pemberdayaan Perempuan, Perlindungan Anak, Kependudukan dan Keluarga Berencana (DP3AKKB) Provinsi Banten",UI/UX Designer,Computer Science
Recommendation,telkom sigma (pt.sigma cipta caraka ),Computer Network Specialist,Computer Science
Recommendation,PT Krakatau Information Technology,Systems Analyst,Computer Science
Recommendation,Badan Kepegawaian dan Pengembangan Sumber Daya Manusia,Application Developer,Game Application and Technology
Recommendation,Pinehill Arabia Food  Ltd,IT Support,Computer Science
Recommendation,SpendLab Recovery,Data Scientist,Computer Science
Recommendation,Dinas Komunikasi Dan Informatika Kabupaten Sanggau,Secure Software Developer,Cyber Security
Recommendation,PT BANK SULUTGO,UI/UX Designer,Computer Science
Recommendation, Badan Kepegawaian Daerah Provinsi Sulawesi Utara,Web Designer,Computer Science
Recommendation,PT. CENTURY MITRA SUKSES SEJATI,Database Administrator,Computer Science
Recommendation,Yukk Kreasi Indonesia,Software Engineer,Computer Science
Recommendation,PT. Krakatau Information Technology,Systems Analyst,Computer Science
Recommendation,PT Bank DKI,Application Developer,Computer Science
Recommendation,PT Bank Negara Indonesia (Persero) Tbk. - BNI Corporate University,Data Scientist,Computer Science
Recommendation,PT. Sarana Maju Sejahtera,Programmer,Computer Science
Recommendation,PT. Nalar Naluri,Full Stack Developer,Computer Science
Recommendation,PT DEWANSTUDIO MEDIA DIGITAL,Web Developer,Computer Science
Recommendation,Sekretariat Jenderal Dewan Perwakilan Daerah Republik Indonesia,Security Engineer,Cyber Security
Recommendation,PT. Pelabuhan Indonesia 1 (Persero),Management Dev. Program (PMMB),Game Application and Technology
Recommendation,GameLevelOne,Game Engineer / Developer,Informatics
Recommendation,PT Kurnia Djaja Makmur Abadi,IT Architect,Game Application and Technology
Recommendation,PT Armando Murni,Web Developer,Computer Science
Recommendation,PT SOLUSI KREATIF KOMPIS,Web Developer,Computer Science & Mathematics
Recommendation,PT. Pelayanan Listrik Nasional Batam ( Bright ),UI/UX Designer,Computer Science
Recommendation,dentsu Indonesia,Web Designer,Computer Science
Recommendation,PT. The Master Steel MFc,Systems Analyst,Computer Science
Recommendation,PT. Istana Persada Indonesia,Web Developer,Computer Science
Recommendation,PT PERUM PERIKANAN INDONESIA,Management Dev. Program (PMMB),Computer Science & Mathematics
Recommendation,REINDO SYARIAH,Programmer,Computer Science
Recommendation,PT Impact Byte Teknologi Edukasi,Mobile UI/UX Engineer,Mobile Application and Technology
Recommendation,Danone ,Database Specialist,Computer Science
Recommendation,PT. Enerren Technologies,IT Support,Computer Science
Recommendation,PT Citi Asia Internasional,Penetration Tester,Cyber Security
Recommendation,PT Perusahaan Gas Negara,Management Dev. Program (PMMB),Computer Science & Mathematics
Recommendation,PT Future Mobility Solutions,Data Analyst,Computer Science & Statistics
Recommendation,"PT Bukit Asam Tbk, Dermaga Kertapati",Data Analyst,Computer Science & Statistics
Recommendation,PT. Bukalapak (Kampus Merdeka),Data Scientist,Computer Science & Statistics
Recommendation,BANK RAKYAT INDONESIA (BRI) Cabang Tanjung Priok,Data Analyst,Computer Science & Statistics
Recommendation,BPJS Ketenagakerjaan ,Programmer,Computer Science
Recommendation,DANA INDONESIA - PT. Espay Debit Indonesia Koe (Kampus Merdeka),Computer Network Specialist,Computer Science
Recommendation,PT Kreasi Inovasi Bangsa,Web Developer,Computer Science
Recommendation,PT. Permodalan Nasional Madani.,Management Dev. Program (PMMB),Computer Science & Mathematics
Recommendation,PT Kenal Sapa Indonesia,Front End Developer,Computer Science
Recommendation,PT. Arkamaya ,Programmer,Computer Science
Recommendation,PT. GITS Indonesia (Kampus Merdeka),Mobile Programmer,Computer Science
Recommendation,PT. Nutech Integrasi,Back End Developer,Computer Science
Recommendation,PT. Senja Solusi,Web Developer,Computer Science
Recommendation,Kementerian Koordinator Bidang Perekonomian Republik Indonesia,System Administrator,Computer Science
Recommendation,PT Denko Wahana Industries,Web Developer,Computer Science
Recommendation,Astra Property,Front End Developer,Computer Science
Recommendation,"PT Bank CIMB Niaga, Tbk (Kampus Merdeka)",Data Analyst,Computer Science & Statistics
Recommendation,PT. Axiata Digital Analytics (ADA) Indonesia,Data Analyst,Computer Science & Statistics
Recommendation,PT. Rekret Mitra Solusi,Programmer,Cyber Security
Recommendation,PT. Asuransi Kredit Indonesia (ASKRINDO),Management Dev. Program (PMMB),Computer Science
Recommendation,PT. Pegadaian ,Management Dev. Program (PMMB),Computer Science
Recommendation," PT MarkPlus Indonesia, MarkPlus Institute",Web Developer,Computer Science
Recommendation,PT. ASURANSI SIMAS JIWA,Full Stack Developer,Computer Science & Mathematics
Recommendation,PT CYBEL KREATIF INDONESIA (VISUALSGANG),Front End Developer,Computer Science
Recommendation,PT Mojadi Aplikasi Indonesia,Back End Developer,Computer Science
Recommendation,PT Traveloka Indonesia (Traveloka) - Kampus Merdeka,Data Analyst,Computer Science & Statistics
Recommendation,PT Tata Bisnis Solusi,Data Analyst,Computer Science & Statistics
Recommendation,PT. Asiatech Inti Raya,Web Developer,Computer Science
Recommendation,Rumah Sakit Lira Medika,Development and Operations (DevOps) Engineer,Cyber Security
Recommendation,CV Satria Jaya,Web Designer,Computer Science
Recommendation,PT. Pitjarus Teknologi,QC Tester,Computer Science
Recommendation,PT. Angkasa Pura II,Management Dev. Program (PMMB),Computer Science
Recommendation,PT. Mitra Konsultansi Indonesia,Software Engineer,Computer Science
Recommendation,PT. CIMB NIAGA AUTO FINANCE,Data Analyst,Computer Science & Mathematics
Recommendation,Heavenly Chocolate Bali,Web Developer,Computer Science
Recommendation,PT Intelex Technet Global,Engineering Specialist,Computer Science
Recommendation,PT PINS INDONESIA,Mobile Programmer,Computer Science
Recommendation,PT. Koperasi Global Kapital Sejahtera,Technical Consultant,Computer Science
Recommendation, CV. DEACIPTA TEXTILE,IT Product Manager,Computer Science
Recommendation,PT Web Architect Technology,Quality Assurance,Computer Science
Recommendation,PT. KHAYALAN KITA BERSAMA,Game Artist / Technical Artist,Game Application and Technology
Recommendation,Graphie Global Interaktif,Game Engineer / Developer,Game Application and Technology
Recommendation,PT Digital Technology Advertising Indonesia ,Data Engineer,Computer Science
Recommendation,PT Jati Piranti Solusindo ,Quality Assurance,Computer Science
Recommendation,Dinas Perindustrian Perdagangan Koperasi Usaha Kecil dan Menengah ,Web Developer,Computer Science
Recommendation,PT. Solusi Teknologi Nusantara (Nusantech),Quality Assurance,Computer Science
Recommendation,Kebun Belakang.co by Ozz Management,Front End Developer,Computer Science
Recommendation,PT. Mega Harapan Mulia,UI/UX Designer,Computer Science
Recommendation,PT. Mega Harapan Mulia (Kelas.Com),Web Designer,Computer Science
Recommendation,"PT Pembangunan Jaya Ancol, Tbk",IS Security Consultant,Cyber Security
Recommendation,CV SVETME NATURAL KOSMETIKA,Web Developer,Computer Science
Recommendation,BPJS Ketenagakerjaan,Programmer,Computer Science
Recommendation,Bank BPR Sumsel,Web Developer,Computer Science
Recommendation,Victoria Care Indonesia,IT Support,Computer Science
Recommendation,Deal POS,Front End Developer,Computer Science
Recommendation,PT Sentra Inovasi Solusindo,Programmer,Computer Science
Recommendation,PT. Adhigana Persada Indonesia,Application Developer,Game Application and Technology
Recommendation,PT Padmasana Mandiri Profesional Indonesia,UI/UX Designer,Computer Science
Recommendation,PT. Dhanistha Surya Nusantara,Database Administrator,Computer Science
Recommendation,"PT Catur Sentosa Adiprana, Tbk",Data Analyst,Computer Science
Recommendation,PT VIKTORINDO TEKNOLOGI PRIMA,System Engineer,Computer Science
Recommendation,PT. Tumbakmas Niagasakti,Software Engineer,Mobile Application and Technology
Recommendation,PT. Hashmicro Solusi Indonesia (Kampus Merdeka),UI/UX Designer,Computer Science
Recommendation,PT Farika Riau Perkasa,Programmer,Computer Science
Recommendation,PT Waskita Karya Persero Tbk,Programmer,Cyber Security
Recommendation,PT Genta Satria Putra,Web Developer,Computer Science
Recommendation,PT. Altindo Teknologi Indonesia,Technical Consultant,Computer Science
Recommendation,Sorbet Solutions (CV.Putra Mandiri),Programmer,Computer Science
Recommendation,BADAN SIBER DAN SANDI NEGARA,Security Engineer,Cyber Security
Recommendation,PT Daya Cipta Mandiri,System Engineer,Cyber Security
Recommendation,PT Mitra Semeru Indonesia,Studi/Project Independent,Computer Science
Recommendation,PT. Sazanka Henig Solusi,Technical Writer,Computer Science
Recommendation,PT. Lentera Bangsa Benderang,UI/UX Designer,Computer Science
Recommendation,PT. Matrixnet Global Indonesia,Software Engineer,Computer Science
Recommendation,PT. Mitra Visioner Pratama,Network Designer,Computer Science
Recommendation,Keyta (PT Kita Teknologi Andalan),Quality Assurance,Computer Science
Recommendation,PT.Mantra Global Konsultan,IT Support,Computer Science
Recommendation,PT Synapsa Medikatama Indonesia,UI/UX Designer,Computer Science
Recommendation,Elefin,Back End Developer,Computer Science
Recommendation,Kementrian Pekerjaan Umum dan Perumahan Rakyat (Pusat Data dan Teknologi Informasi),Programmer,Computer Science
Recommendation,Kementerian Dalam Negeri Republik Indonesia,Data Analyst,Computer Science
Recommendation,PT. Klola Indonesia,Data Scientist,Computer Science
Recommendation,PT.Black Stone Indonesia,Web Developer,Computer Science
Recommendation,PT. VICTORY INTERNATIONAL FUTURES,Programmer,Computer Science
Recommendation,Mitramas Infosys Global,Software Engineer,Computer Science
Recommendation,PT WeKiddo Digital Indonesia,Front End Developer,Computer Science
Recommendation,PT Telekomunikasi Seluler,Web Developer,Mobile Application and Technology
Recommendation,Badan Pengelola Keuangan Haji,IT Support,Computer Science
Recommendation,PT. Kilat Republik Indonesia,UI/UX Developer,Computer Science
Recommendation,PT Media Kode Indonesia,Software Engineer,Computer Science
Recommendation,PT Nusantara Energy ,Software Engineer,Computer Science
Recommendation,PT Semesta Realitas Indonesia,Full Stack Developer,Computer Science
Recommendation,PT. Aset Digital Berkat (Kampus Merdeka),Front End Developer,Computer Science
Recommendation,PT WIDE Technologies Indonesia,Software Engineer,Computer Science
Recommendation,PT. Astra WeLab Digital Arta,UI/UX Designer,Computer Science
Recommendation,PT. Infinite Business Synergy,Back End Developer,Computer Science
Recommendation,PT Pensieve Technology Indonesia,UI/UX Designer,Computer Science
Recommendation,PT. Proxsis Solusi Bisnis,Mobile Programmer,Computer Science
Recommendation,PT. Nodeflux Teknologi Indonesia (Kampus Merdeka),Machine Learning Dev.,Computer Science
Recommendation,PT. Quantum Tera Network,Web Designer,Computer Science
Recommendation,PT Inovasi Solusi Internasional,Programmer,Computer Science
Recommendation,SEKRETARIAT JENDERAL DEWAN PERWAKILAN RAKYAT REPUBLIK INDONESIA,Web Developer,Computer Science
Recommendation,KPN Corp,Database Administrator,Computer Science
Recommendation,Nagatech System Integrator,UI/UX Developer,Computer Science
Recommendation,Erlanda lnvestment CapitaI,IT Support,Computer Science
Recommendation,HOTEL SHANGRILA JAKARTA (PT.SWADHARMA KERRY SATYA),IT Support,Computer Science
Recommendation,PT ARTHA INFOTAMA,QC Tester,Computer Science
Recommendation,PT Bank Central Asia Tbk (Kampus Merdeka),Business Intelligence Analyst,Computer Science
Recommendation,PT Presisi Utama Mandiri,Programmer,Computer Science
Recommendation,CV Lumintu Logic (Kampus Merdeka),Systems Analyst,Computer Science
Recommendation,PT AdAsia Technology Indonesia (Anymind Group),Data Analyst,Computer Science
Recommendation,PT Runinco Bumi Lestari,Database Administrator,Computer Science
Recommendation,PT Multi Areal Planning Indonesia (MAPID),Front End Developer,Computer Science
Recommendation,PT KREASI LIMA PILAR INDONESIA,Application Developer,Computer Science
Recommendation,PT. Surya Citra Media Tbk (Kampus Merdeka),IT Support,Informatics
Recommendation,PT BUMI MANDIRI RESOURCES ,IT Support,Computer Science
Recommendation,PT. Pelita Former Melanitto,Web Developer,Computer Science
Recommendation,Mabes Polri,IT Support,Computer Science
Recommendation,PT. Djelas Tandatangan Bersama,Security Engineer,Cyber Security
Recommendation,PT Tjokro Group,Web Developer,Computer Science
Recommendation,Touchten Games,Quality Assurance,Computer Science
Recommendation,Dinas Komunikasi dan Informatika Provinsi Jawa Timur,Data Scientist,Computer Science
Recommendation,PT.INDOTEK CAHAYA SEJATI,Web Developer,Computer Science
Recommendation,Dinas Komunikasi dan Informatika Pemerintah Provinsi Jawa Tengah,UI/UX Developer,Computer Science
Recommendation,PT Wijaya Karya Industri Energi,Database Specialist,Computer Science
Recommendation,Pusbang SDM Aparatur Perhubungan,Web Developer,Computer Science
Recommendation,SEAMEO BIOTROP,Application Developer,Computer Science
Recommendation,PT. Algo Gapura Informasi,Systems Analyst,Computer Science
Recommendation,"Balai Besar Pengembangan Penjaminan Mutu Pendidikan Vokasi Bidang Otomotif dan Elektronika Kementerian Pendidikan, Kebudayaan, Riset dan Teknologi (BBPPMPV BOE) ",Application Developer,Computer Science
Recommendation,Pemerintah Provinsi Daerah Khusus Ibukota Jakarta Badan Pengelola Aset Daerah (Jakarta Asset Management Center),Programmer,Computer Science
Recommendation,PT RECTMEDIA KOMPUTINDO,Web Developer,Computer Science
Recommendation,Bookbot Pty Ltd,Machine Learning Dev.,Computer Science
Recommendation,Arsanesia,Game QC Tester,Game Application and Technology
Recommendation,Click Indonesia,Programmer,Computer Science
Recommendation,Dicoding Kampus Merdeka,Studi/Project Independent,Computer Science
Recommendation,EzyIndustries,Full Stack Developer,Computer Science
Recommendation,PT. Kharisma Pemasaran Bersama Nusantara (KPBN),IT Support,Computer Science
Recommendation,"Dinas Komunikasi, Informatika dan Statistik (DKIS) Kota Cirebon",Programmer,Computer Science
Recommendation,Cosy Inc Japan,Programmer,Computer Science
Recommendation,PT Telkom Indonesia (Persero) Tbk (Kampus Merdeka),IT Architect,Computer Science
Recommendation,PT. Sanbe Farma,QC Tester,Computer Science
Recommendation,Perum Perhutani Divisi Regional Jawa Barat Dan Banten,Application Developer,Computer Science
Recommendation,PT. Telkom Indonesia (Graha Merah Putih Bandung),Data Scientist,Computer Science
Recommendation,PT. SURYAPUTRA SARANA,Data Engineer,Computer Science
Recommendation,Lets Play,UI/UX Developer,Computer Science
Recommendation,PT.HIDAYAH INSAN MULIA,Data Analyst,Computer Science
Recommendation,PT. Biocare Sejahtera,Web/ Multimedia Developer,Game Application and Technology
Recommendation,PT. Bukit Vista Nusantara Kampus Merdeka,Quality Assurance,Computer Science
Recommendation,PT. Comodo Matic Decentralized,UI/UX Designer,Computer Science
Recommendation,PT Dian Santosa Logistic,Web/ Multimedia Developer,Game Application and Technology
Recommendation,PT Badak NGL,Full Stack Developer,Computer Science
Recommendation,PT Media Kreasi Abadi,Game Artist / Technical Artist,Game Application and Technology
Recommendation,PT Aplikasi Liburan Indonesia (Holigo),Back End Developer,Computer Science
Recommendation, PT Engram Teknologi Indonesia,Game Artist / Technical Artist,Game Application and Technology
Recommendation,PT. Krakatau Shipyard,Web Developer,Computer Science
Recommendation,PT. PLN (Persero) UP3 Manado,IT Support,Computer Science
Recommendation,LICA SEOM INDONESIA,Web Developer,Computer Science
Recommendation,"PT. Telekomunikasi Indonesia, Tbk - Divisi Digital Business & Technology (DBT)",Application Developer,Computer Science
Recommendation,PT Bintang Rejeki Maju,Programmer,Informatics
Recommendation,RS AWAL BROS PEKANBARU,Back End Developer,Computer Science
Recommendation,PT. Konba Asatama,Web Developer,Computer Science
Recommendation,PT Solusi Finansialku Indonesia (Finansialku.com) ,Data Analyst,Computer Science & Statistics
Recommendation,PT Cashtree for Indonesia,Back End Developer,Informatics
Recommendation,PT Semai Raya Internasional,Programmer,Computer Science & Statistics
Recommendation,PT Solusi Tiga Selaras (Kampus Merdeka),Quality Assurance,Informatics
Recommendation,PT. Eannovate Creative Technology,Quality Assurance,Computer Science
Recommendation,PT. Alita Praya Mitra,Programmer,Computer Science
Recommendation,PT.Telekomunikasi Sellular (Telkomsel),Data Analyst,Computer Science & Statistics
Recommendation,Semua Murid Semua Guru Kop. Schole Fitrah (Kampus Merdeka),Front End Developer,Computer Science
Recommendation,Paragon Corp,Software Engineer,Computer Science
Recommendation,PT Informasi Teknologi Indonesia,Machine Learning Dev.,Game Application and Technology
Recommendation,PT PULAUINTAN BAJAPERKASA KONSTRUKSI ,Web Developer,Computer Science & Statistics
Recommendation,PT. Multikreasi Victory Indonesia,IT Support,Computer Science
Recommendation,Kementerian Luar Negeri RI,Application Developer,Informatics
Recommendation,PT Log Kar Indonesia,Back End Developer,Computer Science
Recommendation,PT Satu Global Investama,Web Developer,Computer Science
Recommendation,BIOPS Agrotekno Indonesia,UI/UX Developer,Computer Science
Recommendation,GameLab Indonesia,Front End Developer,Computer Science
Recommendation,PT. Infosys Solusi Terpadu,Front End Developer,Informatics
Recommendation,Klinik Pertamina IHC,Programmer,Computer Science
Recommendation,PT Multi GarmenJaya,IT Support,Informatics
Recommendation,PT GoTo Gojek Tokopedia Tbk,Mobile User Experience Designer,Mobile Application and Technology
Recommendation,JOINT PEAK LIMITED,UI/UX Developer,Computer Science
Recommendation,PT Solusi Bangun Indonesia,Application Developer,Mobile Application and Technology
Recommendation,PT GIT Solution (Kampus Merdeka),UI/UX Designer,Computer Science
Recommendation,PT. Akur Pratama,Programmer,Computer Science
Recommendation,PT AccelByte Teknologi Indonesia,Game Engineer / Developer,Game Application and Technology
Recommendation,PT Bank Syariah Indonesia ,Software Engineer,Computer Science
Recommendation,PT Dirgantara Indonesia,IT Support,Computer Science
Recommendation,PT. Sistem Anugrah Prima,Application Developer,Computer Science
Recommendation,PT KONEKSI BANYAK CUAN,Front End Developer,Informatics
Recommendation,PT Systeric Technology Indonesia,Front End Developer,Informatics
Recommendation,PT Metra Digital Investama (MDI Ventures),Web Developer,Informatics
Recommendation,BaKTI,Programmer,Cyber Security
Recommendation,CV. Inti Matahari Fajar,Software Engineer,Computer Science
Recommendation,PT HADJI KALLA (holding group kalla group),UI/UX Designer,Game Application and Technology
Recommendation,PT. Cranium Royal Aditama,Full Stack Developer,Game Application and Technology
Recommendation,Yayasan Nafiri Discipleship Chruch,Back End Developer,Cyber Security
Recommendation,Dinas Koperasi dan UKM provinsi Bengkulu.,Web Developer,Computer Science
Recommendation,PT. Cho Cemerlang Jaya,Front End Developer,Computer Science
Recommendation,PT Tiga Muara Emas Makmur,Web Developer,Computer Science
Recommendation,PT Maxy Mitra Pangan Mandiri,Web Developer,Computer Science
Recommendation,PT TOYOTA ASTRA INDONESIA,Software Engineer,Mobile Application and Technology
Recommendation,PT. Stabil Standar Sinergi,Application Developer,Computer Science
Recommendation,PT Bank Jasa Jakarta,Data Analyst,Computer Science
Recommendation,PT. Niji Games Studio,Game Engineer / Developer,Game Application and Technology
Recommendation,PT. All Data Internasional,Data Engineer,Computer Science
Recommendation,PT Nusantara Digital Konsultan,Data Analyst,Computer Science
Recommendation,PT. Duta Agro Makmur Indah,Full Stack Developer,Computer Science
Recommendation,PT. Pundi Mas Berjaya,Network Engineer,Cyber Security
Recommendation,PT Astra Honda Motor,Data Analyst,Computer Science
Recommendation,PT MelonCat Game Internasional,Application Developer,Game Application and Technology
Recommendation,PT DHARMA GUNA WIBAWA,Back End Developer,Cyber Security
Recommendation,PT FEBE Technology Digital ,Front End Developer,Computer Science
Recommendation,PT. Arthamas Solusindo,Application Developer,Computer Science
Recommendation,PT. Dymar Jaya Indonesia,Security and Networking (dedicated for NHS Program Only),Computer Science
Recommendation,PT Maxindo Mitra Solusi,Computer Network Specialist,Computer Science
Recommendation,"PT. BANK KB BUKOPIN, TBK",Application Developer,Computer Science
Recommendation,PT ECS INDO JAYA,Programmer,Computer Science
Recommendation,PT Indo Koala Remittance (Transfez),Quality Assurance,Computer Science
Recommendation,PT INFINI OASE TEKNOLOGI,Web Developer,Computer Science
Recommendation,PT. Bit Cerdas Indonesia,Game Engineer / Developer,Game Application and Technology
Recommendation,Angkasa Komunikasi Global Utama,Incident Responder,Cyber Security
Recommendation,Jobseeker Company,Mobile Programmer,Mobile Application and Technology
Recommendation,PT IDX Solusi Teknologi Informasi,Programmer,Computer Science
Recommendation,PT Falah Inovasi Teknologi,Programmer,Computer Science
Recommendation,PT. GAE Advan Energi,ERP Specialist,Computer Science
Recommendation,PT. Ganesha Cipta Informatika,Data Analyst,Computer Science
Recommendation,PT Indo Teknologi Solusi,Programmer,Computer Science
Recommendation,PT Omega Moverindo Sukses,IT Support,Computer Science
Recommendation,PT Systema Global Solusindo,IS Security Consultant,Cyber Security
Recommendation,PT. Lintang Utama Infotek ,Development and Operations (DevOps) Engineer,Computer Science
Recommendation,PT AISENSUM BIGDATA ANALYTICS,Data Scientist,Computer Science
Recommendation,PT Bisnis Ini Sinergi,Software Engineer,Computer Science
Recommendation,PT Nuon Digital Indonesia,Game QC Tester,Game Application and Technology
Recommendation,RPX ONE STOP LOGISTICS,Front End Developer,Computer Science
Recommendation,Rizki Tujuh Belas Group,Web Developer,Computer Science
Recommendation,PT Solu Filantropi Teknologi,Mobile Programmer,Mobile Application and Technology
Recommendation,PT VEDA PRAXIS,Technical Consultant,Computer Science
Recommendation,PT. Indonesian Cloud,UI/UX Developer,Computer Science
Recommendation,PT Integrasia Utama,Application Developer,Computer Science
Recommendation,PT. Binawan Inti Teknologi,Security Engineer,Cyber Security
Recommendation,PT Loka Wahana Usaha,IT Support,Computer Science
Recommendation,PT Skypro Manajemen Teknologi,IS Security Consultant,Cyber Security
Recommendation,PT XL Axiata Tbk (Kampus Merdeka),Business Intelligence Analyst,Computer Science
Recommendation,Jadestone Energy (Lemang) Pte. Ltd,IT Support,Computer Science
Recommendation,PT Berca Hardayaperkasa,IS Security Consultant,Cyber Security
Recommendation,PT Moladin Digital Indonesia,Cloud Computing Dev.,Computer Science
Recommendation,PERMANENT MISSION OF THE REPUBLIC OF INDONESIA TO ASEAN,Security and Networking,Cyber Security
Recommendation,"PT Bank Artha Graha Internasional, Tbk.",Mobile Programmer,Mobile Application and Technology
Recommendation,"PT Bank Artha Graha International, Tbk.",Mobile Programmer,Computer Science
Recommendation,PT. Media Telekomunikasi Mandiri,Network Engineer,Cyber Security
Recommendation,PT. Wadah Artis Vokal,Web Developer,Computer Science
Recommendation,BPR Multi Sembada Dana,Web Developer,Computer Science
Recommendation,PT Asuransi Jiwa StarInvestama,Web Developer,Computer Science
Recommendation,Finku (PT. Sahabat Finansial Kamu,Cloud Computing Dev.,Cyber Security
Recommendation,PT Feedloop Global Teknologi,Front End Developer,Computer Science
Recommendation,PT. Mitra Edukasi Pratama,Game Engineer / Developer,Computer Science
Recommendation,PT. Tri Sukses Wanatama,Programmer,Computer Science
Recommendation,PT. Deloitte Konsultan Indonesia,Penetration Tester,Cyber Security
Recommendation,PT Perta Life Insurance,Front End Developer,Computer Science
Recommendation,PT. Bank Rakyat Indonesia (Persero) Tbk. Kantor Pusat,Data Analyst,Computer Science & Mathematics
Recommendation,PT. Great Eastern General Insurance Indonesia,Front End Developer,Computer Science
Recommendation,PT. Finoy Utama Sejahtera - Extra Life Entertainment,Game Engineer / Developer,Game Application and Technology
Recommendation,PT. Inti (Persero),Systems Analyst,Informatics
Recommendation,PT. DARO DATA TEKNOLOGI,IT Support,Computer Science
Recommendation,PT. Elsewedy Electric Indonesia,Web Developer,Computer Science
Recommendation,PT. Mitra Inti Bersama,Data Engineer,Computer Science
Recommendation,Pt Astra Digital Arta,Full Stack Developer,Computer Science
Recommendation,PT Bumitama Gunajaya Agro,IT Architect,Computer Science
Recommendation,PT. Aditya Sarana Graha,Application Developer,Computer Science
Recommendation,GLS Academy,System Engineer,Computer Science
Recommendation,PT. Adiputro Wirasejati,Web Developer,Computer Science
Recommendation,PT. PERSADA MEDIKA RAYA,Security and Networking,Computer Science
Recommendation,Ikaan Studio,Programmer,Computer Science
Recommendation,Balai Bahasa Provinsi Jawa Tengah,Application Developer,Computer Science
Recommendation,PT. Talenta Sinergi Group,Business Analyst,Computer Science
Recommendation,PT. Panca Patriot Prima,Software Engineer,Computer Science
Recommendation,PT Gemilang Bersama Usaha,Application Developer,Computer Science
Recommendation,PT. Agiva Indonesia,Field Engineer,Computer Science
Recommendation,PT. Mitra Pinasthika Mustika Rent,IT Support,Computer Science
Recommendation,PT. Balatif,Full Stack Developer,Computer Science
Recommendation,PT. BINGKAI KARYA NUSANTARA,UI/UX Developer,Computer Science
Recommendation,PT. Sekawan Media Informatika,Web Developer,Computer Science
Recommendation,Dinas Komunikasi dan Informatika Kota Tangerang,Programmer,Computer Science
Recommendation,PT PLN ,IT Support,Computer Science
Recommendation,TIMES INDONESIA,Web Developer,Computer Science
Recommendation,Joy Leap Studio,Programmer,Computer Science
Recommendation,PT Sinar Mas Multifinance,Mobile Programming (Android) Dev.,Mobile Application and Technology
Recommendation,PT People Intelligence Indonesia  - Greatday HR ,Technical Consultant,Computer Science
Recommendation,PT Trillium Technologies Indonesia,IoT Developer,Computer Science
Recommendation,PT.MANE INDONESIA,IT Support,Computer Science
Recommendation,PT. Artajasa Pembayaran Elektronis,Security and Networking,Computer Science
Recommendation,PT Generasi Revolusi Teknologi (aiseeyou.tech),Programmer,Computer Science
Recommendation,PT CreateIT Solution Indonesia(IndoTim),Database Administrator,Computer Science
Recommendation,PT Soluix Finteknologi Indonesia,Back End Developer,Computer Science
Recommendation,PT Gheananta Cahaya Abadi,Web Developer,Computer Science
Recommendation,PT. Garuda Indonesia (Persero) Tbk.,IT Support,Computer Science
Recommendation,PT. Citra Langgeng Sentosa,Software Engineer,Computer Science
Recommendation,PT FAJAR PANGAN LESTARI,Data Analyst,Computer Science
Recommendation,PT Bumi Serpong Damai ,IT Support,Computer Science
Recommendation,PT Nusa Eka Winapratama,Programmer,Computer Science
Recommendation,PT Intan Utama Logistik,Web Developer,Computer Science
Recommendation,PT Praba Teknologi Nusantara,Programmer,Computer Science
Recommendation,Kame Bakehouse,Data Analyst,Computer Science
Recommendation,PT Handira Eka Mandiri,Programmer,Computer Science
Recommendation,Monster Group,Application Developer,Mobile Application and Technology
Recommendation,PT Pelindo Jasa Maritim ,Application Developer,Computer Science
Recommendation,PT Bukit Teknologi Digital,Back End Developer,Cyber Security
Recommendation,DHL Paketzentrum,Initiative Independent Project - Ferienjob,Computer Science
Recommendation,GASNET - PT Telemedia Dinamika Sarana,Application Developer,Cyber Security
Recommendation,Gustavo Gusto,Initiative Independent Project - Ferienjob,Computer Science
Recommendation,KL KLINIK,Programmer,Computer Science & Mathematics
Recommendation,Amazon,Initiative Independent Project - Ferienjob,Computer Science
Recommendation,Lï¿½becker Marzipan-Fabrik v. Minden & Bruhns GmbH & Co. KG,Initiative Independent Project - Ferienjob,Computer Science
Recommendation,Yayasan Pendidikan Budi Luhur ,IT Support,Computer Science
Recommendation,McDonald's,Initiative Independent Project - Ferienjob,Computer Science
Recommendation,Amazon Dormagen CGN9,Initiative Independent Project - Ferienjob,Computer Science
Recommendation,Badan Meteorologi Klimatologi Geofisika,Data Analyst,Computer Science & Mathematics
Recommendation,PT Datindo Infonet Prima,Application Developer,Computer Science
Recommendation,Bina Nusantara University - School of Computer Science Visual Dart,Initiative Independen Project,Cyber Security
Recommendation,CWS BOCO,Initiative Independent Project - Ferienjob,Computer Science
Recommendation,PT Indointernet Tbk,Mobile Programmer,Game Application and Technology
Recommendation,PT Patra Jasa,IT Support,Computer Science
Recommendation,PT Protemus Dana Bersama (Prodana),Web Developer,Computer Science
Recommendation,Serways Raststï¿½tte Eichsfeld Nord,Initiative Independent Project - Ferienjob,Informatics
Recommendation,PT Iotera Sinergi Digital,Software Engineer,Informatics
Recommendation,PT. Plan A Networks Indonesia,Project Management,Cyber Security
Recommendation,Amazon Krefeld DTM8,Initiative Independent Project - Ferienjob,Computer Science
Recommendation,"Dalsey, Hillblom and Lynn (DHL)",Initiative Independent Project - Ferienjob,Computer Science
Recommendation,PT Mega Inovasi Jayatama (Nino 911) ,UI/UX Designer,Computer Science
Recommendation,PT Dalitek Sinar Indonesia,Full Stack Developer,Computer Science
Recommendation,DHL Kitzingen,Initiative Independent Project - Ferienjob,Computer Science
Recommendation,McDonaldï¿½s Heppert,Initiative Independent Project - Ferienjob,Computer Science
Recommendation,Serways ,Initiative Independent Project - Ferienjob,Computer Science
Recommendation,Niederegger Cafe ,Initiative Independent Project - Ferienjob,Computer Science
Recommendation,Terminal petikemas koja,Data Analyst,Computer Science
Recommendation,PT. Garis Piksel Teknologi,UI/UX Designer,Computer Science
Recommendation,PT Arranet Indonesia Sejahtera,Quality Assurance,Computer Science
Recommendation,PT Dewata Freight International Tbk.,Web Developer,Computer Science
Recommendation,PT Beyondsoft Technology Indonesia,Software Engineer,Computer Science
Recommendation,Perkumpulan Maritim Muda Nusantara,Web Developer,Computer Science
Recommendation,PT Penjaminan Infrastruktur Indonesia (Persero),Data Analyst,Computer Science
Recommendation,PT. Indopoleon Technology,Network Engineer,Computer Science & Mathematics
Recommendation,Visual Dart,Game Designer,Game Application and Technology
Recommendation,Wipro-Unza,IT Support,Computer Science
Recommendation,PT.JARINGAN VNT INDONESIA (VNT NETWORKS),Application Developer,Computer Science
Recommendation,PT. JAYA INTER GEMILANG,Project Management,Cyber Security
Recommendation,PT. Duta Visual Nusantara Tivi Tujuh (TRANS7),Project Management,Cyber Security
Recommendation,PT. Tekna Digital Indonesia,Cloud Computing Dev.,Computer Science
Recommendation, PT Mercedes-Benz Distribution Indonesia,Data Analyst,Computer Science
Recommendation,PT BNI MULTIFINANCE,Application Developer,Computer Science
Recommendation,PT Mandiri Sekuritas,Data Analyst,Informatics
Recommendation,PT Menara Indonesia,Game Designer,Game Application and Technology
Recommendation,"PT Mineral Industri Indonesia (PERSERO)/ ""MIND ID""",Full Stack Developer,Computer Science
Recommendation,PT Prima Integrasi Solusindo,Technical Consultant,Computer Science
Recommendation,PT Data Labs Analytics,UI/UX Developer,Computer Science
Recommendation,PT Pipe Coating Indonesia,Data Analyst,Computer Science
Recommendation,PT MULTI KONTROL NUSANTARA,Application Developer,Computer Science & Mathematics
Recommendation,PT Toyota Astra Financial Services,Business Analyst,Computer Science
Recommendation,PT Bank Syariah Indonesia Tbk,Application Developer,Computer Science
Recommendation,PT. BALI CMPP,Data Analyst,Computer Science & Statistics
Recommendation,PT. LYNSTECH SOLUSI DIGITAL,Data Engineer,Computer Science & Statistics
Recommendation,PT XL Axiata Tbk,Data Engineer,Computer Science & Statistics
Recommendation,RSM Indonesia,Technical Consultant,Computer Science
Recommendation,PT Trakindo Utama,Data Analyst,Computer Science
Recommendation,PT Pasifik Cipta Solusi (PCS Indonesia),Front End Developer,Computer Science
Recommendation,PT. Asuransi Umum BCA,IT Support,Informatics
Recommendation,Dewan Perwakilan Rakyat Republik Indonesia,Data Analyst,Computer Science
Recommendation,PT. Vektordaya Mekatrika,Web Developer,Computer Science
Recommendation,Kementerian Hukum dan HAM,Web Developer,Computer Science
Recommendation, PT Radio Andika Lugas Swara (City Guide FM),Programmer,Computer Science
Recommendation,Indiekraf,Web Developer,Computer Science
Recommendation,PT Andhika Lugas Swara,Mobile Programmer,Computer Science
Recommendation,PT Radio Andhika Lugas Swara,Mobile Programmer,Computer Science
Recommendation,PT Neo Pudji Jaya,Front End Developer,Computer Science
Recommendation,PT BUKAKA TEKNIK UTAMA,Application Developer,Game Application and Technology
Recommendation,Odisys,Mobile Programming (Android) Dev.,Game Application and Technology
Recommendation,Sentadell Associates,Data Scientist,Computer Science & Mathematics
Recommendation,PT KALAPRANA,Programmer,Computer Science
Recommendation,PUSKAPA,IT Support,Computer Science
Recommendation,PT. Aplikasi Bisnis Teknologi Indonesia. ,Web Developer,Computer Science
Recommendation,PT Artha Bina Bhayangkara,Web Developer,Computer Science
Recommendation,PT. SAMAKTA MITRA,IT Support,Computer Science
Recommendation,PT Pyxis Ultimate Solution,Mobile Programmer,Computer Science
Recommendation,Educourse,Full Stack Developer,Computer Science
Recommendation,PT Tridaya Artaguna Santara,Quality Assurance,Computer Science
Recommendation,PT Radio Andika Lugas Swara (City Guide FM),Programmer,Computer Science
Recommendation,PT. Inmotion Inovasi Teknologi (3 Dolphins.ai),Technical Consultant,Computer Science
Recommendation,PT. Qiran Bersama Bintang,Application Developer,Computer Science
Recommendation,PT ASABA,Application Developer,Computer Science
Recommendation,PT. Teknologi Digital Studio,QC Tester,Computer Science
Recommendation,Pt Bank NTT,Application Developer,Computer Science
Recommendation,PT Bank Syariah Indonesia Tbk.,Programmer,Computer Science
Recommendation,PT. Motoreko Mobilindo,Software Engineer,Computer Science
Recommendation,Sinar Mas Land,Web Developer,Computer Science
Recommendation,PT Transindo Jaya Bahari ,Data Analyst,Computer Science
Recommendation,PT Informasi Komersial Bisnis,Programmer,Computer Science
Recommendation,PT Intelix Global Crossing,Application Developer,Computer Science
Recommendation,PT KOLABORASI BAHAGIA SEJAHTERA,Web Developer,Computer Science
Recommendation,PT Nieve Aplikasi Mandiri,Programmer,Game Application and Technology
Recommendation,PT Putra Kemas Makmur,Data Analyst,Data Science
Recommendation,PT RICK AUTO,Front End Developer,Computer Science
Recommendation,PT Samafitro,Data Analyst,Computer Science
Recommendation,PT Wiryamanta Sadina,Programmer,Computer Science
Recommendation,PT. Anomali Trans Teknologi,Web Developer,Computer Science
Recommendation,PT. Berkat Elektrik Sejati Tangguh,Front End Developer,Computer Science
Recommendation,PT. Bogasari Flour Mills,Programmer,Computer Science
Recommendation,PT. Dimas Pratama Indah (Orchad Park),Front End Developer,Computer Science
Recommendation,PT. Intisoft Mitra sejahtera ,Front End Developer,Computer Science & Mathematics
Recommendation,PT. Kadence International,Programmer,Computer Science
Recommendation,PT. Kairos Utama Indonesia,Application Developer,Computer Science
Recommendation,PT. Pertiwi Agung (Landson),Data Analyst,Computer Science & Mathematics
Recommendation,PT. PESUD ABADI MAHAKAM,Programmer,Cyber Security
Recommendation,PT. Talenta Indonesia Berkarya,Coding Instructor,Data Science
Recommendation,MindChamps Holdings Pte Limited,Programmer,Computer Science & Mathematics
Recommendation,PT. Sugar Labinta,IT Support,Computer Science
Recommendation,PT BPR EKA BUMI ARTHA,Application Developer,Mobile Application and Technology
Recommendation,PT Sat Nusapersada Tbk,Full Stack Developer,Computer Science
Recommendation,PT Weefer,Web Developer,Computer Science
Recommendation,CE Binus ,Application Developer,Computer Science & Mathematics
Recommendation,kopkar Binus,Application Developer,Computer Science
Recommendation,PT. Halcom Integrated Solution,Data Scientist,Computer Science
Recommendation,PT Digital Gotrans Teknologi,Full Stack Developer,Computer Science & Mathematics
Recommendation,PT. Medischia Tujuh Asa,Web/ Multimedia Developer,Computer Science
Recommendation,PT. Mustika Jaya Lestari,Full Stack Developer,Computer Science
Recommendation,PT. Praweda Sarana Informatika,Business Analyst,Computer Science
Recommendation,PERUM Bulog,Data Analyst,Computer Science
Recommendation,PT Adi Sarana Armada Tbk,Data Scientist,Computer Science & Mathematics
Recommendation,PT AIR DUCT PANELINDO,Web Developer,Computer Science
Recommendation,PT Gabungan Era Mandiri,Data Scientist,Computer Science
Recommendation,PT Netmarks Indonesia,Programmer,Computer Science
Recommendation,PT Pacificagung Trijaya,Programmer,Computer Science
Recommendation,PT. Satu Dental Indonesia,Front End Developer,Computer Science
Recommendation,PT. SWADAYA PANDUARTHA,Front End Developer,Computer Science
Recommendation,PT. Toyota Motor Manufacturing Indonesia,IT Developer,Computer Science
Recommendation,Sea Labs Indonesia,Quality Assurance,Computer Science
Recommendation,CorSys - PT Intisoft Mitra Sejahtera,UI/UX Developer,Computer Science
Recommendation,CV. SIDIGS,Application Developer,Computer Science
Recommendation,Dinas Komunikasi dan Informatika Kota Tangerang Selatan,Programmer,Computer Science
Recommendation,Gene Creative,Back End Developer,Cyber Security
Recommendation,GSJS Jakarta,Database Administrator,Computer Science
Recommendation,Init Group Nusantara,Software Engineer,Computer Science & Mathematics
Recommendation,"KAP Tanudireja, Wibisana, & Rekan",Application Developer,Computer Science
Recommendation,PT MINERAL ALAM ABADI,Application Developer,Computer Science
Recommendation,PT. Indotara Persada,Web Developer,Computer Science
Recommendation,Vision Corporation,IT Support,Computer Science
Recommendation,BINUS School of Computer Science - supermap,Application Developer,Computer Science
Recommendation,PT. MULTI PRENEUR INDONESIA,IT Support,Computer Science
Recommendation,Indo Patent IP Attorney,Web Developer,Computer Science
Recommendation,PT Argo Karya Tropiko,Web Developer,Computer Science & Mathematics
Recommendation,PT Digital Cerdas Indonesia,Coding Instructor,Computer Science
Recommendation,Philip Morris International,Programmer,Computer Science
Recommendation,PT Bina Sarana Sukses,Front End Developer,Computer Science
Recommendation,PT Datascrip,Web Developer,Data Science
Recommendation,PT Nocola IoT Solution,UI/UX Developer,Computer Science
Recommendation,PT Sapta Pilar Nusantara,IT Developer,Computer Science
Recommendation,RareSkills LLC,Application Developer,Mobile Application and Technology
Recommendation,PT. Una Darma Indonesia,Data Engineer,Computer Science & Statistics
Recommendation,PT Domestic Universal Cargo,Software Engineer,Computer Science
Recommendation,Pt. Virtue Digital Indonesia,Development and Operations (DevOps) Engineer,Cyber Security
Recommendation, PT. Rajawali Nusantara Indonesia (Persero),Business Analyst,Computer Science
Recommendation,Caffeine Nawa Karya,Back End Developer,Computer Science
Recommendation,PT Indofood Sukses Makmur Tbk,Application Developer,Computer Science
Recommendation,PT. Perangkat Karya Bangsa,Operation Management Support,Computer Science
Recommendation,PT MERPATI MAHARDIKA,Full Stack Developer,Computer Science
Recommendation,PT. Mandalaputra Prima Mandiri,Full Stack Developer,Computer Science
Recommendation,Cody's App Academy,Game Engineer / Developer,Computer Science
Recommendation,PT Rajawali Nusantara Indonesia (Persero),Business Analyst,Computer Science
Recommendation,PT Indo Tambangraya Megah Tbk,Data Analyst,Computer Science & Statistics
Recommendation,PT.indoguna Utama,Software Engineer,Computer Science
Recommendation,Certa System Indonesia,Web Developer,Computer Science
Recommendation,PT Kecerdasan Buatan Solusi Bersama,Data Analyst,Computer Science
Recommendation,PT. Edconnect Solusi Integrasi,Software Engineer,Computer Science
Recommendation,PT. Four Best Synegy,Web/ Multimedia Developer,Game Application and Technology
Recommendation,PT. Modular Kuliner Indonesia,Business Analyst,Computer Science
Recommendation,PT. Saka Putra Perkasa,Data Analyst,Data Science
Recommendation,ATech Solution,Back End Developer,Computer Science
Recommendation,PT Global Onkolab Farma,Game Engineer / Developer,Computer Science
Recommendation,PT Panel Asri Perkasa,Programmer,Computer Science
Recommendation,PT Dikdo Kemasindo Internasional,Web Developer,Computer Science
Recommendation,PT JAKARTA TUNGGAL CITRA,Software Engineer,Computer Science
Recommendation,PT Tridaya Piranti Infranet,Application Developer,Computer Science
Recommendation,PT. Asianagro Agungjaya (Apical),Mobile Programmer,Mobile Application and Technology
Recommendation,PT Telkom Akses,Web Developer,Computer Science
Recommendation,PT. GOOD MOBILE INDONESIA,Data Analyst,Computer Science
Recommendation,Allo Bank,Data Analyst,Computer Science & Mathematics
Recommendation,PT INDO CONTAINER LINES,Web Developer,Computer Science
Recommendation,PT INDUSTRIAL RESEARCH INDONESIA,Data Analyst,Computer Science
Recommendation,PT Regene Artifisial Inteligen,Data Analyst,Data Science
Recommendation,Fat Raccoon Games (PT. Rakun Subur Sejahtera),Game Engineer / Developer,Game Application and Technology
Recommendation,PT Agro Karya Tropiko,Back End Developer,Computer Science
Recommendation,PT AXA Mandiri Financial Services,Data Analyst,Computer Science & Statistics
Recommendation,PT BOSWELL MAHAKARYA INDONESIA,Front End Developer,Computer Science
Recommendation,PT Tunas Maju Mandiri,Application Developer,Computer Science
Recommendation,PT Ensign InfoSecurity Indonesia,Security and Networking,Computer Science
Recommendation,PT KB Finansia Multi Finance (Kreditplus),Full Stack Developer,Computer Science
Recommendation,PT Central Mega Kencana,Security and Networking,Cyber Security
Recommendation,PT. BENIH INVESTASI,Quality Assurance,Computer Science
Recommendation,PT Exis Inova Cipta,Back End Developer,Computer Science
Recommendation,PT Pupuk Indonesia (Persero),Data Analyst,Computer Science
Recommendation,PT Pratama Natanusa Mandiri,Application Developer,Computer Science
Recommendation,PT ProSecurity Digital Indonesia,Security and Networking,Computer Science
Recommendation,Teman Data,Data Scientist,Computer Science & Mathematics
Recommendation,Kementerian Komunikasi dan Informatika,Penetration Tester,Cyber Security
Recommendation,PT. Vneu Teknologi Indonesia,Data Analyst,Computer Science
Recommendation,Qoala Indonesia,Back End Developer,Computer Science
Recommendation,Digital Forensic Indonesia,Cyber Security Analysist,Cyber Security
Recommendation,PT Alight Solutions Indonesia,Business Analyst,Computer Science
Recommendation,PT Asuransi Cakrawala Proteksi,Front End Developer,Computer Science
Recommendation,PT Golden Rama Express,Back End Developer,Computer Science
Recommendation,PT Pertamina Training & Consulting,Application Developer,Informatics
Recommendation,PT. BUKALAPAK.COM TBK,Front End Developer,Computer Science
Recommendation,PT Wahana Ciptasinatria,Technical Consultant,Computer Science
Recommendation,PT. Asia Global Solusi,ERP Specialist,Computer Science
Recommendation,PT. Sumber Utama Fiber Indonesia (SUFI),Application Developer,Mobile Application and Technology
Recommendation,PT. Trimitra Swadaya,Data Analyst,Computer Science
Recommendation,PT Dikstra Cipta Solusi,Data Scientist,Computer Science
Recommendation,PT Medigo Tefinologi Kesehatan (Klinik Pintar),Software Engineer,Mobile Application and Technology
Recommendation,Badan Kependudukan dan Keluarga Berencana Nasional (BKKBN),Security Engineer,Cyber Security
Recommendation,"PT. United Tractors, Tbk",Application Developer,Mobile Application and Technology
Recommendation,PT Maxplus Indonesia Anugerah,Network Engineer,Cyber Security
Recommendation,PT.GTech Digital Asia,Data Scientist,Data Science
Recommendation,CV. Karya Bacahati (Ikan Asin Production),Game Engineer / Developer,Game Application and Technology
Recommendation,PT Businessconsulting Positif Solusi,Application Developer,Computer Science
Recommendation,PT. Bank Ganesha Tbk.,Application Developer,Computer Science
Recommendation,Yayasan Harapan Bangsa,Web Developer,Computer Science
Recommendation,PT Jayamandiri Gemasejati,IT Support,Computer Science
Recommendation,PT RAS TEKNOLOGI INDONESIA,Software Engineer,Computer Science
Recommendation,PT INDOTEX GLOBAL SEMESTA,Data Analyst,Computer Science
Recommendation,LetsPlay Indonesia,Game Artist / Technical Artist,Game Application and Technology
Recommendation,Brandoville Studios,Programmer,Informatics
Recommendation,"Dinas Komunikasi, Informatika dan Statistik Provinsi DKI Jakarta",Data Analyst,Computer Science & Statistics
Recommendation,PT. Melvar Lintasnusa,Computer Network Specialist,Computer Science
Recommendation,PT. Digital Semantika Indonesia,Game Artist / Technical Artist,Game Application and Technology
Recommendation,Walden Global Services,Web Designer,Computer Science
Recommendation,PT Perusahaan Listrik Negara (Persero),Data Scientist,Data Science
Recommendation,CV. Permata Sejahtera,Network Engineer,Computer Science
Recommendation,PT Kensolusindo,Programmer,Computer Science
Recommendation,Dipa Inhouse,Front End Developer,Computer Science
Recommendation,Lioncore Studio,Game Artist / Technical Artist,Informatics
Recommendation,CV. PENDEKAR PENDIDIKAN DIGITAL,Front End Developer,Computer Science
Recommendation,PT GWS JAYA SUKSES,Web Developer,Computer Science
Recommendation,PT Tunas Digital Indonesia,Software Engineer,Computer Science
Recommendation,PT. Hyperdata Solusindo Mandiri,IT Support,Computer Science
Recommendation,PT. Ajidarma Delta Medika,Application Developer,Mobile Application and Technology
Recommendation,PT Sage Konstruksi Indonesia ,IT Support,Computer Science
Recommendation,CV. Buku Digital Nusantara,Front End Developer,Computer Science
Recommendation,PT Hologram Solusi Kreatif,Game Engineer / Developer,Game Application and Technology
Recommendation,BADAN POM,Database Administrator,Computer Science
Recommendation,PT Logindo Samudramakmur Tbk,Full Stack Developer,Computer Science
Recommendation,CNN Indonesia,UI/UX Developer,Computer Science
Recommendation,PT Surya Data Infokreasi,Mobile Programmer,Computer Science
Recommendation,PT Indotruck Utama,Front End Developer,Computer Science
Recommendation,PT Pohon Graha Indah,IT Support,Computer Science
Recommendation,PT Generasi Muda Gigih,Full Stack Developer,Computer Science
Recommendation,PT Larona Prima Solusi,Front End Developer,Computer Science
Recommendation,PT BANK DANAMON INDONESIA TBK,Data Engineer,Data Science
Recommendation,PT. Xapiens Teknologi Indonesia.,Software Engineer,Computer Science & Mathematics
Recommendation,PT Bank Sulteng,IT Support,Computer Science
Recommendation,PT. Wilmar Consultancy Services,Programmer,Computer Science
Recommendation,VOCASIA (Yayasan Adipurna Inovasi Asia),Front End Developer,Computer Science
Recommendation,PT. Langgeng Sejahtera Kreasi Komputasi,Software Engineer,Computer Science
Recommendation,PT Kutai Bara Nusantara,Programmer,Computer Science
Recommendation,PT AEON INDONESIA  ,Data Analyst,Computer Science & Mathematics
Recommendation,NOUVERIOR,Application Developer,Game Application and Technology
Recommendation,PT Mitra Solusi Telematika,Security Engineer,Cyber Security
Recommendation,PT. Technosoft Indo Prima,Front End Developer,Computer Science
Recommendation,PT XM Gravitasi Digital - Wunderman Thompson,Data Analyst,Data Science
Recommendation,PT Alpabit Digital Inovasi,Application Developer,Computer Science
Recommendation,CGI Creative Lab (PT. Citra Gema Indonesia),Full Stack Developer,Computer Science
Recommendation,PT. Buana Tunas Sejahtera,Web Developer,Computer Science
Recommendation,Nare Studio,Web Developer,Computer Science
Recommendation,Pusat Data dan Teknologi Informasi Kemendikbudristek,Application Developer,Computer Science
Recommendation,Pusat Data dan Sistem Informasi Kementerian Perdagangan ,Software Engineer,Computer Science
Recommendation,PT Sukanda Djaya,Machine Learning Dev.,Computer Science
Recommendation,PT. Andhika Lugas Swara City Guide 911 FM,Programmer,Computer Science
Recommendation,PT. Gatra Mapan,Software Engineer,Computer Science
Recommendation,KATALIS Pte Ltd,Data Scientist,Computer Science
Recommendation,Convo Technologies,Front End Developer,Computer Science
Recommendation,PT Indodev Niaga Internet (DataOn),Web Developer,Computer Science
